season,week,home,away,opener,source
2026,3,Pittsburgh,Syracuse,51.0,cfbd
2026,3,Wake Forest,Miami,55.0,cfbd
2026,3,Texas Tech,Houston,53.0,cfbd
2026,3,Delaware,Coastal Carolina,57.5,cfbd
2026,3,Minnesota,Akron,49.0,cfbd
2026,3,Clemson,North Carolina,44.5,cfbd
2026,3,Iowa State,Bowling Green,46.0,cfbd
2026,3,Arkansas,Georgia,54.0,cfbd
2026,3,Kansas,Arizona State,53.0,cfbd
2026,3,Kansas State,Tulane,49.5,cfbd
2026,3,Texas State,North Texas,63.5,cfbd
2026,3,Penn State,Buffalo,47.5,cfbd
2026,3,Ohio State,Kent State,58.5,cfbd
2026,3,Wisconsin,Eastern Michigan,46.0,cfbd
2026,3,Vanderbilt,NC State,52.5,cfbd
2026,3,Central Michigan,Wyoming,39.5,cfbd
2026,3,Toledo,Temple,51.0,cfbd
2026,3,Michigan,UTEP,49.5,cfbd
2026,3,Texas A&M,Kentucky,49.0,cfbd
2026,3,Cincinnati,Miami (OH),51.0,cfbd
2026,3,Louisville,SMU,59.5,cfbd
2026,3,Rutgers,USC,57.5,cfbd
2026,3,Utah,Utah State,57.0,cfbd
2026,3,Alabama,Florida State,49.0,cfbd
2026,3,Baylor,Louisiana Tech,55.0,cfbd
2026,3,Liberty,Ball State,51.0,cfbd
2026,3,Indiana,Western Kentucky,59.5,cfbd
2026,3,Duke,Stanford,51.0,cfbd
2026,3,South Carolina,Mississippi State,58.5,cfbd
2026,3,App State,Charlotte,50.5,cfbd
2026,3,Old Dominion,East Carolina,49.5,cfbd
2026,3,Florida Atlantic,Florida International,62.5,cfbd
2026,3,Missouri State,Marshall,52.0,cfbd
2026,3,South Alabama,Ohio,52.5,cfbd
2026,3,Jacksonville State,Georgia Southern,52.5,cfbd
2026,3,Middle Tennessee,Nevada,51.0,cfbd
2026,3,UCF,Georgia State,50.5,cfbd
2026,3,Rice,Western Michigan,44.0,cfbd
2026,3,Southern Miss,UConn,54.0,cfbd
2026,3,Missouri,Troy,49.5,cfbd
2026,3,Auburn,Florida,53.0,cfbd
2026,3,Maryland,Virginia Tech,53.5,cfbd
2026,3,Northwestern,Colorado,47.0,cfbd
2026,3,Virginia,West Virginia,54.5,cfbd
2026,3,Colorado State,BYU,52.0,cfbd
2026,3,Ole Miss,LSU,58.5,cfbd
2026,3,Oklahoma,New Mexico,48.0,cfbd
2026,3,Notre Dame,Michigan State,52.0,cfbd
2026,3,Tennessee,Kennesaw State,60.0,cfbd
2026,3,TCU,Arkansas State,57.5,cfbd
2026,3,Louisiana,UAB,56.5,cfbd
2026,3,Texas,UTSA,58.0,cfbd
2026,3,San Diego State,James Madison,46.5,cfbd
2026,3,Arizona,Northern Illinois,50.0,cfbd
2026,3,Sacramento State,North Dakota State,53.0,cfbd
2026,3,San José State,Fresno State,50.5,cfbd
2026,3,UCLA,Purdue,53.0,cfbd
2026,4,Western Michigan,Boise State,48.5,cfbd
2026,4,Tennessee,Texas,56.0,cfbd
2026,4,Ohio State,Illinois,54.0,cfbd
2026,4,Maryland,UCLA,58.0,cfbd
2026,4,Georgia,Oklahoma,43.5,cfbd
2026,4,Michigan,Iowa,37.5,cfbd
2026,4,Florida,Ole Miss,61.0,cfbd
2026,4,Auburn,Vanderbilt,54.5,cfbd
2026,4,Penn State,Wisconsin,46.5,cfbd
2026,4,Michigan State,Nebraska,48.5,cfbd
2026,4,West Virginia,Oklahoma State,59.5,cfbd
2026,4,Alabama,South Carolina,54.0,cfbd
2026,4,USC,Oregon,62.0,cfbd
2026,4,LSU,Texas A&M,52.5,cfbd
2026,4,Mississippi State,Missouri,58.0,cfbd
2026,4,Washington,Minnesota,45.0,cfbd
2026,4,Coastal Carolina,Liberty,52.0,cfbd
2026,4,Temple,Army,49.0,cfbd
2026,4,UAB,Navy,51.5,cfbd
2026,4,Indiana,Northwestern,50.0,cfbd
2026,4,California,Clemson,50.5,cfbd
2026,4,Louisville,Wake Forest,58.0,cfbd
2026,4,Kent State,Ball State,49.5,cfbd
2026,4,Akron,UNLV,50.0,cfbd
2026,4,UTSA,Colorado State,57.5,cfbd
2026,4,Boston College,Virginia Tech,52.0,cfbd
2026,4,Baylor,Colorado,55.0,cfbd
2026,4,Texas Tech,Sam Houston,55.0,cfbd
2026,4,Toledo,San Diego State,49.0,cfbd
2026,4,Kentucky,South Alabama,55.0,cfbd
2026,4,Purdue,Notre Dame,57.5,cfbd
2026,4,Georgia State,Northern Illinois,55.0,cfbd
2026,4,Wyoming,Hawai'i,46.0,cfbd
2026,4,UCF,TCU,49.5,cfbd
2026,4,Iowa State,Utah,49.0,cfbd
2026,4,Miami (OH),UConn,51.0,cfbd
2026,4,New Mexico State,New Mexico,48.5,cfbd
2026,4,Georgia Southern,Houston,55.0,cfbd
2026,4,Bowling Green,South Florida,49.5,cfbd
2026,4,Old Dominion,James Madison,47.5,cfbd
2026,4,Virginia,Delaware,52.5,cfbd
2026,4,Miami,Central Michigan,53.0,cfbd
2026,4,Charlotte,Louisiana,50.0,cfbd
2026,4,Jacksonville State,Middle Tennessee,52.0,cfbd
2026,4,Tulane,Southern Miss,52.5,cfbd
2026,4,Arkansas State,Kennesaw State,53.5,cfbd
2026,4,Cincinnati,Kansas State,54.0,cfbd
2026,4,NC State,App State,55.0,cfbd
2026,4,Utah State,Troy,49.0,cfbd
2026,4,Washington State,Arizona,47.5,cfbd
2026,4,Arkansas,Tulsa,53.0,cfbd
2026,4,UTEP,Oregon State,54.0,cfbd
2026,4,SMU,Missouri State,58.0,cfbd
2026,4,Fresno State,Rice,44.5,cfbd
2026,4,Nevada,Air Force,49.0,cfbd
2026,4,Stanford,Georgia Tech,48.0,cfbd
2026,4,UL Monroe,Florida Atlantic,57.0,cfbd
2026,4,Sacramento State,Massachusetts,48.5,cfbd
2026,5,Virginia Tech,Pittsburgh,52.5,cfbd
2026,5,Northwestern,Penn State,47.0,cfbd
2026,5,Mississippi State,Alabama,59.5,cfbd
2026,5,Georgia,Vanderbilt,52.5,cfbd
2026,5,Clemson,Miami,49.0,cfbd
2026,5,North Carolina,Notre Dame,48.0,cfbd
2026,5,Minnesota,Michigan,43.5,cfbd
2026,5,Iowa,Ohio State,46.0,cfbd
2026,5,NC State,Louisville,60.5,cfbd
2026,5,Tennessee,Auburn,54.5,cfbd
2026,5,Missouri,Florida,56.5,cfbd
2026,5,South Carolina,Kentucky,53.5,cfbd
2026,5,TCU,BYU,49.0,cfbd
2026,5,USC,Washington,55.5,cfbd
2026,5,New Mexico State,Western Kentucky,53.5,cfbd
2026,5,Tulsa,North Texas,58.0,cfbd
2026,5,Delaware,Liberty,50.0,cfbd
2026,5,Houston,UCF,51.5,cfbd
2026,5,SMU,Boston College,57.0,cfbd
2026,5,Air Force,Navy,47.0,cfbd
2026,5,UConn,Syracuse,52.0,cfbd
2026,5,Iowa State,West Virginia,52.5,cfbd
2026,5,Wake Forest,Stanford,54.5,cfbd
2026,5,Wisconsin,Michigan State,44.5,cfbd
2026,5,Ball State,Toledo,51.5,cfbd
2026,5,Central Michigan,Akron,47.0,cfbd
2026,5,Kent State,Ohio,50.5,cfbd
2026,5,Florida State,Virginia,51.5,cfbd
2026,5,UNLV,California,53.5,cfbd
2026,5,Georgia State,Old Dominion,50.0,cfbd
2026,5,James Madison,Marshall,54.5,cfbd
2026,5,Nebraska,Maryland,52.0,cfbd
2026,5,Illinois,Purdue,59.5,cfbd
2026,5,Colorado State,Oregon State,61.0,cfbd
2026,5,Rice,UTSA,54.5,cfbd
2026,5,Texas A&M,Arkansas,51.5,cfbd
2026,5,Boise State,Utah State,50.0,cfbd
2026,5,South Florida,Temple,51.5,cfbd
2026,5,Colorado,Texas Tech,50.0,cfbd
2026,5,Rutgers,Indiana,55.5,cfbd
2026,5,Washington State,Fresno State,46.5,cfbd
2026,5,Arizona State,Baylor,50.5,cfbd
2026,5,San Diego State,Texas State,58.5,cfbd
2026,5,Arizona,Cincinnati,55.0,cfbd
2026,5,Hawai'i,San José State,52.0,cfbd
2026,5,Kansas,Middle Tennessee,50.5,cfbd
2026,5,Buffalo,Western Michigan,48.5,cfbd
2026,5,North Dakota State,Wyoming,46.0,cfbd
2026,5,Charlotte,Memphis,54.0,cfbd
2026,5,Miami (OH),Bowling Green,47.0,cfbd
2026,5,Massachusetts,Eastern Michigan,48.5,cfbd
2026,5,New Mexico,UTEP,48.5,cfbd
2026,5,South Alabama,UL Monroe,56.0,cfbd
2026,5,Coastal Carolina,Georgia Southern,54.0,cfbd
2026,5,Louisiana Tech,Army,46.5,cfbd
2026,5,Louisiana,Arkansas State,47.0,cfbd
2026,6,Oregon,UCLA,58.5,odds
2026,6,Oklahoma,Texas,48.5,odds
