season,week,home,away,opener,proj,edge,side,close
2026,1,Florida State,SMU,52.5,48.4,-4.1,UNDER,
2026,2,North Texas,UNLV,57.0,60.3,3.3,OVER,57.75
2026,2,Vanderbilt,Delaware,53.5,53.2,-0.3,UNDER,54.75
2026,2,Boise State,Memphis,55.5,57.1,1.6,OVER,55.25
2026,2,Ohio,Jacksonville State,51.5,52.0,0.5,OVER,49.75
2026,2,Florida International,Buffalo,48.5,49.4,0.9,OVER,47.5
2026,2,Kennesaw State,Georgia State,51.0,50.5,-0.5,UNDER,55.5
2026,2,Nebraska,Bowling Green,52.0,52.6,0.6,OVER,49.5
2026,2,Georgia Tech,Tennessee,55.0,53.0,-2.0,UNDER,55.5
2026,2,Sam Houston,Tulsa,52.0,52.8,0.8,OVER,51.75
2026,2,Marshall,Middle Tennessee,57.5,52.4,-5.1,UNDER,55.75
2026,2,Tulane,South Alabama,50.5,51.2,0.7,OVER,48.25
2026,2,UCLA,San Diego State,53.0,48.1,-4.9,UNDER,54.25
2026,2,Texas,Ohio State,47.5,53.6,6.1,OVER,50.75
2026,2,Clemson,Georgia Southern,55.5,46.6,-8.9,UNDER,54.75
2026,2,Iowa,Iowa State,41.0,46.3,5.3,OVER,42.0
2026,2,LSU,Louisiana Tech,55.5,53.0,-2.5,UNDER,55.75
2026,2,Florida Atlantic,Navy,59.0,61.4,2.4,OVER,59.5
2026,2,Oregon State,Texas Tech,51.5,54.5,3.0,OVER,53.5
2026,2,Ole Miss,Charlotte,61.5,61.2,-0.3,UNDER,59.5
2026,2,Auburn,Southern Miss,53.0,52.6,-0.4,UNDER,57.25
2026,2,Air Force,North Dakota State,47.5,47.2,-0.3,UNDER,47.5
2026,2,Utah,Arkansas,57.0,52.8,-4.2,UNDER,55.5
2026,2,Fresno State,Sacramento State,46.0,47.7,1.7,OVER,44.5
2026,2,USC,Louisiana,60.0,59.4,-0.6,UNDER,59.5
2026,2,Hawai'i,New Mexico State,50.5,53.8,3.3,OVER,50.25
2026,3,Pittsburgh,Syracuse,53.5,46.2,-7.3,UNDER,53.5
2026,3,Wake Forest,Miami,56.0,52.9,-3.1,UNDER,55.5
2026,3,Texas Tech,Houston,54.5,51.3,-3.2,UNDER,
2026,3,Delaware,Coastal Carolina,57.5,55.1,-2.4,UNDER,
2026,3,Minnesota,Akron,49.0,56.6,7.6,OVER,48.5
2026,3,Clemson,North Carolina,44.5,44.1,-0.4,UNDER,44.5
2026,3,Iowa State,Bowling Green,46.0,50.0,4.0,OVER,43.5
2026,3,Arkansas,Georgia,54.0,54.1,0.1,OVER,54.75
2026,3,Kansas,Arizona State,53.0,58.6,5.6,OVER,50.75
2026,3,Kansas State,Tulane,49.5,52.5,3.0,OVER,49.5
2026,3,Texas State,North Texas,63.5,61.4,-2.1,UNDER,62.5
2026,3,Penn State,Buffalo,47.5,52.7,5.2,OVER,48.25
2026,3,Ohio State,Kent State,58.5,56.6,-1.9,UNDER,58.75
2026,3,Wisconsin,Eastern Michigan,46.0,47.8,1.8,OVER,44.25
2026,3,Vanderbilt,NC State,52.5,50.6,-1.9,UNDER,50.5
2026,3,Central Michigan,Wyoming,39.5,45.8,6.3,OVER,39.75
2026,3,Toledo,Temple,51.0,51.4,0.4,OVER,48.5
2026,3,Michigan,UTEP,49.5,49.3,-0.2,UNDER,48.5
2026,3,Texas A&M,Kentucky,49.0,48.8,-0.2,UNDER,49.5
2026,3,Cincinnati,Miami (OH),51.0,51.0,0.0,UNDER,49.75
2026,3,Louisville,SMU,59.5,63.3,3.8,OVER,58.5
2026,3,Rutgers,USC,57.5,63.4,5.9,OVER,57.25
2026,3,Utah,Utah State,57.0,58.0,1.0,OVER,56.5
2026,3,Alabama,Florida State,49.0,49.3,0.3,OVER,49.75
2026,3,Baylor,Louisiana Tech,55.0,52.7,-2.3,UNDER,50.5
2026,3,Liberty,Ball State,51.0,51.4,0.4,OVER,49.25
2026,3,Indiana,Western Kentucky,59.5,63.7,4.2,OVER,60.75
2026,3,Duke,Stanford,51.0,51.7,0.7,OVER,51.25
2026,3,South Carolina,Mississippi State,58.5,51.4,-7.1,UNDER,58.75
2026,3,App State,Charlotte,50.5,58.3,7.8,OVER,52.75
2026,3,Old Dominion,East Carolina,49.5,50.6,1.1,OVER,48.75
2026,3,Florida Atlantic,Florida International,62.5,59.5,-3.0,UNDER,62.25
2026,3,Missouri State,Marshall,52.0,50.8,-1.2,UNDER,53.25
2026,3,South Alabama,Ohio,52.5,58.8,6.3,OVER,48.5
2026,3,Jacksonville State,Georgia Southern,52.5,50.3,-2.2,UNDER,52.5
2026,3,Middle Tennessee,Nevada,51.0,56.7,5.7,OVER,50.25
2026,3,UCF,Georgia State,50.5,52.8,2.3,OVER,49.75
2026,3,Rice,Western Michigan,44.0,49.9,5.9,OVER,43.5
2026,3,Southern Miss,UConn,54.0,50.4,-3.6,UNDER,54.5
2026,3,Missouri,Troy,49.5,49.5,-0.0,UNDER,49.5
2026,3,Auburn,Florida,53.0,49.7,-3.3,UNDER,52.75
2026,3,Maryland,Virginia Tech,53.5,56.1,2.6,OVER,53.25
2026,3,Northwestern,Colorado,47.0,48.9,1.9,OVER,47.75
2026,3,Virginia,West Virginia,54.5,49.7,-4.8,UNDER,53.5
2026,3,Colorado State,BYU,52.0,58.5,6.5,OVER,52.5
2026,3,Ole Miss,LSU,58.5,52.4,-6.1,UNDER,58.5
2026,3,Oklahoma,New Mexico,48.0,48.6,0.6,OVER,45.5
2026,3,Notre Dame,Michigan State,52.0,57.8,5.8,OVER,51.75
2026,3,Tennessee,Kennesaw State,60.0,63.3,3.3,OVER,60.25
2026,3,TCU,Arkansas State,57.5,58.5,1.0,OVER,56.25
2026,3,Louisiana,UAB,56.5,59.4,2.9,OVER,55.25
2026,3,Texas,UTSA,58.0,61.4,3.4,OVER,58.25
2026,3,San Diego State,James Madison,46.5,47.1,0.6,OVER,46.5
2026,3,Arizona,Northern Illinois,50.0,51.4,1.4,OVER,50.25
2026,3,Sacramento State,North Dakota State,53.0,50.1,-2.9,UNDER,50.5
2026,3,San José State,Fresno State,50.5,49.2,-1.3,UNDER,47.75
2026,3,UCLA,Purdue,53.0,52.8,-0.2,UNDER,52.5
2026,4,Coastal Carolina,Liberty,52.0,51.8,-0.2,UNDER,50.25
2026,4,Temple,Army,49.0,54.3,5.3,OVER,47.75
2026,4,UAB,Navy,51.5,51.4,-0.1,UNDER,51.25
2026,4,Indiana,Northwestern,50.0,49.7,-0.3,UNDER,49.75
2026,4,California,Clemson,50.5,58.7,8.2,OVER,51.5
2026,4,Tennessee,Texas,56.0,54.7,-1.3,UNDER,54.75
2026,4,Louisville,Wake Forest,58.0,55.1,-2.9,UNDER,57.5
2026,4,Toledo,San Diego State,49.0,46.2,-2.8,UNDER,50.5
2026,4,Texas Tech,Sam Houston,55.0,55.8,0.8,OVER,56.5
2026,4,Baylor,Colorado,55.0,53.6,-1.4,UNDER,54.75
2026,4,Boston College,Virginia Tech,52.0,53.5,1.5,OVER,46.5
2026,4,Ohio State,Illinois,54.0,55.9,1.9,OVER,53.75
2026,4,UTSA,Colorado State,57.5,61.6,4.1,OVER,56.5
2026,4,Akron,UNLV,50.0,57.7,7.7,OVER,52.75
2026,4,Kent State,Ball State,49.5,52.0,2.5,OVER,50.5
2026,4,Kentucky,South Alabama,55.0,58.9,3.9,OVER,54.25
2026,4,Maryland,UCLA,58.0,55.8,-2.2,UNDER,55.75
2026,4,Georgia State,Northern Illinois,55.0,53.7,-1.3,UNDER,56.5
2026,4,Purdue,Notre Dame,57.5,59.8,2.3,OVER,57.25
2026,4,Wyoming,Hawai'i,46.0,53.8,7.8,OVER,43.5
2026,4,New Mexico State,New Mexico,48.5,50.5,2.0,OVER,47.5
2026,4,Miami (OH),UConn,51.0,51.7,0.7,OVER,51.75
2026,4,Western Michigan,Boise State,48.5,52.4,3.9,OVER,50.5
2026,4,Iowa State,Utah,49.0,50.7,1.7,OVER,47.25
2026,4,UCF,TCU,49.5,49.5,0.0,UNDER,48.25
2026,4,Georgia,Oklahoma,43.5,50.2,6.7,OVER,43.75
2026,4,Florida,Ole Miss,61.0,56.6,-4.4,UNDER,58.75
2026,4,Michigan,Iowa,37.5,43.0,5.5,OVER,38.5
2026,4,Georgia Southern,Houston,55.0,57.2,2.2,OVER,56.5
2026,4,Auburn,Vanderbilt,54.5,49.4,-5.1,UNDER,55.75
2026,4,Michigan State,Nebraska,48.5,53.1,4.6,OVER,49.25
2026,4,Penn State,Wisconsin,46.5,49.4,2.9,OVER,43.75
2026,4,Bowling Green,South Florida,49.5,50.5,1.0,OVER,48.75
2026,4,Old Dominion,James Madison,47.5,48.7,1.2,OVER,42.5
2026,4,Virginia,Delaware,52.5,53.7,1.2,OVER,52.5
2026,4,Miami,Central Michigan,53.0,48.7,-4.3,UNDER,53.5
2026,4,Charlotte,Louisiana,50.0,56.6,6.6,OVER,49.5
2026,4,Cincinnati,Kansas State,54.0,55.8,1.8,OVER,55.5
2026,4,Jacksonville State,Middle Tennessee,52.0,53.5,1.5,OVER,51.5
2026,4,Alabama,South Carolina,54.0,55.8,1.8,OVER,54.25
2026,4,West Virginia,Oklahoma State,59.5,55.4,-4.1,UNDER,60.75
2026,4,Tulane,Southern Miss,52.5,54.6,2.1,OVER,52.5
2026,4,Arkansas State,Kennesaw State,53.5,56.8,3.3,OVER,53.0
2026,4,Washington State,Arizona,47.5,53.5,6.0,OVER,48.25
2026,4,USC,Oregon,62.0,60.0,-2.0,UNDER,61.5
2026,4,LSU,Texas A&M,52.5,48.9,-3.6,UNDER,52.25
2026,4,NC State,App State,55.0,59.8,4.8,OVER,55.5
2026,4,Utah State,Troy,49.0,45.8,-3.2,UNDER,47.5
2026,4,Mississippi State,Missouri,58.0,55.0,-3.0,UNDER,58.5
2026,4,UL Monroe,Florida Atlantic,57.0,61.3,4.3,OVER,58.25
2026,4,Arkansas,Tulsa,53.0,49.6,-3.4,UNDER,50.5
2026,4,UTEP,Oregon State,54.0,51.8,-2.2,UNDER,56.25
2026,4,SMU,Missouri State,58.0,62.0,4.0,OVER,60.25
2026,4,Sacramento State,Massachusetts,48.5,43.9,-4.6,UNDER,48.5
2026,4,Fresno State,Rice,44.5,44.9,0.4,OVER,43.5
2026,4,Stanford,Georgia Tech,48.0,49.9,1.9,OVER,48.75
2026,4,Nevada,Air Force,49.0,49.1,0.1,OVER,50.5
2026,4,Washington,Minnesota,45.0,47.9,2.9,OVER,45.5
2026,5,New Mexico State,Western Kentucky,53.5,60.7,7.2,OVER,56.5
2026,5,Tulsa,North Texas,58.0,57.2,-0.8,UNDER,56.5
2026,5,Delaware,Liberty,50.0,54.7,4.7,OVER,49.75
2026,5,Virginia Tech,Pittsburgh,52.5,53.8,1.3,OVER,54.5
2026,5,Northwestern,Penn State,47.0,48.2,1.2,OVER,45.75
2026,5,Charlotte,Memphis,54.0,60.9,6.9,OVER,52.25
2026,5,Wake Forest,Stanford,54.5,48.0,-6.5,UNDER,54.25
2026,5,SMU,Boston College,57.0,52.3,-4.7,UNDER,55.25
2026,5,Mississippi State,Alabama,59.5,59.1,-0.4,UNDER,62.0
2026,5,North Carolina,Notre Dame,48.0,45.7,-2.3,UNDER,46.5
2026,5,Kansas,Middle Tennessee,50.5,54.8,4.3,OVER,51.0
2026,5,UConn,Syracuse,52.0,51.7,-0.3,UNDER,51.0
2026,5,Iowa State,West Virginia,52.5,52.6,0.1,OVER,53.25
2026,5,Houston,UCF,51.5,51.3,-0.2,UNDER,50.75
2026,5,Air Force,Navy,47.0,53.4,6.4,OVER,45.25
2026,5,Minnesota,Michigan,43.5,46.8,3.3,OVER,42.25
2026,5,Wisconsin,Michigan State,44.5,51.9,7.4,OVER,43.25
2026,5,Georgia,Vanderbilt,52.5,50.8,-1.7,UNDER,50.75
2026,5,Buffalo,Western Michigan,48.5,50.4,1.9,OVER,45.75
2026,5,Ball State,Toledo,51.5,53.7,2.2,OVER,51.75
2026,5,NC State,Louisville,60.5,62.7,2.2,OVER,57.5
2026,5,Kent State,Ohio,50.5,48.9,-1.6,UNDER,50.75
2026,5,Massachusetts,Eastern Michigan,48.5,45.1,-3.4,UNDER,48.75
2026,5,North Dakota State,Wyoming,46.0,51.8,5.8,OVER,44.5
2026,5,Florida State,Virginia,51.5,53.0,1.5,OVER,51.5
2026,5,Iowa,Ohio State,46.0,49.1,3.1,OVER,45.5
2026,5,Miami (OH),Bowling Green,47.0,46.8,-0.2,UNDER,42.25
2026,5,UNLV,California,53.5,53.7,0.2,OVER,52.75
2026,5,Tennessee,Auburn,54.5,52.9,-1.6,UNDER,53.75
2026,5,Central Michigan,Akron,47.0,54.8,7.8,OVER,47.25
2026,5,Missouri,Florida,56.5,51.8,-4.7,UNDER,57.75
2026,5,Georgia State,Old Dominion,50.0,51.6,1.6,OVER,51.5
2026,5,James Madison,Marshall,54.5,58.6,4.1,OVER,55.75
2026,5,Nebraska,Maryland,52.0,49.8,-2.2,UNDER,52.5
2026,5,New Mexico,UTEP,48.5,51.3,2.8,OVER,48.25
2026,5,South Carolina,Kentucky,53.5,50.8,-2.7,UNDER,53.0
2026,5,Illinois,Purdue,59.5,62.4,2.9,OVER,62.0
2026,5,Colorado State,Oregon State,61.0,64.1,3.1,OVER,62.5
2026,5,South Alabama,UL Monroe,56.0,61.2,5.2,OVER,57.0
2026,5,TCU,BYU,49.0,53.4,4.4,OVER,47.75
2026,5,Texas A&M,Arkansas,51.5,57.5,6.0,OVER,50.25
2026,5,Coastal Carolina,Georgia Southern,54.0,52.2,-1.8,UNDER,53.5
2026,5,Rice,UTSA,54.5,56.3,1.8,OVER,55.75
2026,5,Louisiana Tech,Army,46.5,53.6,7.1,OVER,47.25
2026,5,Colorado,Texas Tech,50.0,51.6,1.6,OVER,49.5
2026,5,Clemson,Miami,49.0,49.6,0.6,OVER,48.0
2026,5,South Florida,Temple,51.5,54.8,3.3,OVER,49.0
2026,5,Boise State,Utah State,50.0,54.5,4.5,OVER,51.5
2026,5,USC,Washington,55.5,61.8,6.3,OVER,58.25
2026,5,Louisiana,Arkansas State,47.0,52.6,5.6,OVER,49.0
2026,5,Rutgers,Indiana,55.5,57.9,2.4,OVER,56.75
2026,5,Washington State,Fresno State,46.5,50.2,3.7,OVER,45.0
2026,5,San Diego State,Texas State,58.5,56.6,-1.9,UNDER,57.5
2026,5,Arizona State,Baylor,50.5,46.7,-3.8,UNDER,48.5
2026,5,Arizona,Cincinnati,55.0,55.2,0.2,OVER,56.0
2026,5,Hawai'i,San José State,52.0,53.5,1.5,OVER,50.75
2026,6,Troy,Southern Miss,49.5,57.2,7.7,OVER,51.5
2026,6,Kennesaw State,Jacksonville State,50.0,51.1,1.1,OVER,49.5
2026,6,Florida International,New Mexico State,46.5,50.7,4.2,OVER,46.5
2026,6,Western Kentucky,Missouri State,55.5,56.6,1.1,OVER,56.25
2026,6,Liberty,Sam Houston,52.5,55.4,2.9,OVER,52.5
2026,6,UTSA,South Florida,52.5,49.2,-3.3,UNDER,49.75
2026,6,Arkansas State,South Alabama,58.0,64.5,6.5,OVER,58.75
2026,6,Louisville,Florida State,57.5,59.2,1.7,OVER,59.5
2026,6,Washington,Iowa,42.5,47.8,5.3,OVER,41.75
2026,6,San José State,Wyoming,44.0,46.9,2.9,OVER,43.5
2026,6,Utah State,Washington State,43.5,54.0,10.5,OVER,44.0
2026,6,BYU,Iowa State,47.5,50.8,3.3,OVER,46.75
2026,6,NC State,Wake Forest,60.0,57.4,-2.6,UNDER,59.5
2026,6,West Virginia,Arizona,60.0,56.5,-3.5,UNDER,61.25
2026,6,Missouri,Texas A&M,48.0,52.1,4.1,OVER,48.5
2026,6,Oklahoma State,UCF,54.0,51.1,-2.9,UNDER,52.75
2026,6,Pittsburgh,North Carolina,47.0,51.6,4.6,OVER,47.25
2026,6,Army,Tulane,45.5,48.8,3.3,OVER,48.5
2026,6,Bowling Green,Sacramento State,44.0,53.3,9.3,OVER,44.5
2026,6,Nebraska,Indiana,51.5,55.4,3.9,OVER,49.75
2026,6,Northwestern,Ball State,53.0,51.3,-1.7,UNDER,52.5
2026,6,Florida,South Carolina,61.0,59.6,-1.4,UNDER,60.75
2026,6,App State,Old Dominion,51.0,45.7,-5.3,UNDER,50.25
2026,6,Massachusetts,Miami (OH),48.0,46.9,-1.1,UNDER,47.25
2026,6,Notre Dame,Stanford,54.5,55.4,0.9,OVER,54.0
2026,6,Oregon,UCLA,59.5,52.7,-6.8,UNDER,58.25
2026,6,North Texas,Charlotte,59.5,58.9,-0.6,UNDER,57.75
2026,6,California,Virginia Tech,53.0,63.2,10.2,OVER,53.25
2026,6,Georgia Tech,Duke,49.0,49.6,0.6,OVER,48.5
2026,6,Toledo,Buffalo,55.0,59.6,4.6,OVER,54.75
2026,6,Akron,Eastern Michigan,51.0,57.6,6.6,OVER,51.5
2026,6,Michigan State,Illinois,50.0,50.5,0.5,OVER,47.75
2026,6,Western Michigan,Kent State,45.5,44.7,-0.8,UNDER,43.5
2026,6,Navy,Tulsa,49.5,49.5,-0.0,UNDER,48.75
2026,6,Oklahoma,Texas,40.0,45.7,5.7,OVER,39.25
2026,6,Vanderbilt,Ole Miss,59.0,53.0,-6.0,UNDER,59.5
2026,6,Kansas State,Houston,56.0,56.8,0.8,OVER,55.5
2026,6,Ohio,Central Michigan,47.0,45.3,-1.7,UNDER,46.75
2026,6,Temple,UConn,53.0,54.5,1.5,OVER,54.5
2026,6,East Carolina,Rice,50.0,47.6,-2.4,UNDER,47.5
2026,6,Arkansas,Tennessee,50.0,53.9,3.9,OVER,51.5
2026,6,Ohio State,Maryland,56.0,54.3,-1.7,UNDER,56.25
2026,6,Oregon State,San Diego State,56.0,49.9,-6.1,UNDER,53.5
2026,6,Marshall,Coastal Carolina,58.5,63.6,5.1,OVER,58.5
2026,6,UTEP,Nevada,49.5,53.0,3.5,OVER,49.5
2026,6,Kentucky,LSU,55.5,44.9,-10.6,UNDER,52.75
2026,6,Memphis,UAB,58.5,62.0,3.5,OVER,56.5
2026,6,UNLV,North Dakota State,49.5,50.2,0.7,OVER,47.75
2026,6,Georgia Southern,James Madison,53.5,54.7,1.2,OVER,54.0
2026,6,Northern Illinois,Air Force,47.5,48.2,0.7,OVER,46.75
2026,6,Penn State,USC,56.0,53.3,-2.7,UNDER,54.75
2026,6,Louisiana Tech,Louisiana,49.5,51.5,2.0,OVER,47.75
2026,6,Alabama,Georgia,55.5,48.6,-6.9,UNDER,52.75
2026,6,Virginia,Syracuse,49.5,49.6,0.1,OVER,49.75
2026,6,Purdue,Minnesota,51.5,51.3,-0.2,UNDER,50.75
2026,6,Arizona State,Hawai'i,51.0,54.0,3.0,OVER,50.0
2026,6,Utah,Kansas,52.0,51.7,-0.3,UNDER,51.5
2026,6,Fresno State,Boise State,48.5,53.0,4.5,OVER,48.25
2026,7,Houston,Oklahoma State,57.5,61.4,3.9,OVER,
2026,7,Indiana,Ohio State,48.5,50.5,2.0,OVER,48.5
2026,7,Texas,Florida,54.5,55.1,0.6,OVER,
2026,7,LSU,Mississippi State,59.5,53.3,-6.2,UNDER,
2026,7,Tennessee,Alabama,56.5,59.0,2.5,OVER,56.5
2026,7,Ole Miss,Missouri,58.5,55.3,-3.2,UNDER,
2026,7,Georgia,Auburn,54.5,48.2,-6.3,UNDER,54.5
2026,7,Miami,Florida State,54.5,51.7,-2.8,UNDER,53.5
2026,7,BYU,Notre Dame,54.5,48.0,-6.5,UNDER,54.5
