week,day,time,kick,home,away,neutral,proj_total,mkt_total,open_total,edge,side,mkt_spread,actual_total,close_total,home_rank,away_rank,tv,n_books,w_current,abs_edge,signal
1,Sat 08/29,12:00 PM,2026-08-29T12:00:00-04:00,TCU,North Carolina,1,49.0,,,,,,25.0,,,,ESPN,,0.38,,-
1,Sat 08/29,3:00 PM,2026-08-29T15:00:00-04:00,USC,San José State,0,57.5,,,,,,68.0,,12.0,,NBC,,0.44,,-
1,Sat 08/29,3:30 PM,2026-08-29T15:30:00-04:00,Virginia,NC State,0,52.7,,,,,,42.0,,,,ESPN,,0.38,,-
1,Sat 08/29,5:30 PM,2026-08-29T17:30:00-04:00,North Dakota State,Jacksonville State,0,50.5,,,,,,40.0,,,,CBSSN,,0.44,,-
1,Sat 08/29,6:30 PM,2026-08-29T18:30:00-04:00,Eastern Michigan,Sacramento State,0,52.4,,,,,,45.0,,,,ESPN+,,0.44,,-
1,Sat 08/29,7:00 PM,2026-08-29T19:00:00-04:00,Florida State,New Mexico State,0,56.7,,,,,,51.0,,,,The CW Network,,0.38,,-
1,Sat 08/29,7:00 PM,2026-08-29T19:00:00-04:00,Stanford,Hawai'i,0,56.6,,,,,,64.0,,,,ACC Network,,0.38,,-
1,Sat 08/29,10:00 PM,2026-08-29T22:00:00-04:00,UNLV,Memphis,0,52.0,,,,,,48.0,,,,FOX,,0.41,,-
1,Thu 09/03,6:00 PM,2026-09-03T18:00:00-04:00,Rutgers,Massachusetts,0,47.8,,,,,,58.0,,,,BTN,,0.38,,-
1,Thu 09/03,7:00 PM,2026-09-03T19:00:00-04:00,Wake Forest,Akron,0,50.4,,,,,,54.0,,,,ACC Network,,0.38,,-
1,Thu 09/03,8:00 PM,2026-09-03T20:00:00-04:00,Georgia Tech,Colorado,0,48.3,,,,,,27.0,,,,ESPN,,0.38,,-
1,Thu 09/03,9:00 PM,2026-09-03T21:00:00-04:00,Illinois,UAB,0,57.2,,,,,,65.0,,,,BTN,,0.38,,-
1,Fri 09/04,6:30 PM,2026-09-04T18:30:00-04:00,Eastern Michigan,San José State,0,50.3,,,,,,48.0,,,,ESPN+,,0.44,,-
1,Fri 09/04,8:00 PM,2026-09-04T20:00:00-04:00,Oklahoma,UTEP,0,46.3,,,,,,51.0,,,,SECN+,,0.38,,-
1,Fri 09/04,8:00 PM,2026-09-04T20:00:00-04:00,Michigan State,Toledo,0,49.3,,,,,,50.0,,,,FS1,,0.38,,-
1,Fri 09/04,9:00 PM,2026-09-04T21:00:00-04:00,USC,Fresno State,0,55.0,,,,,,39.0,,12.0,,FOX,,0.41,,-
1,Fri 09/04,9:00 PM,2026-09-04T21:00:00-04:00,Stanford,Miami,0,50.9,,,,,,51.0,,,6.0,ESPN,,0.38,,-
1,Sat 09/05,12:00 PM,2026-09-05T12:00:00-04:00,West Virginia,Coastal Carolina,0,55.6,,,,,,55.0,,,,TNT,,0.41,,-
1,Sat 09/05,12:00 PM,2026-09-05T12:00:00-04:00,Indiana,North Texas,0,53.1,,,,,,68.0,,5.0,,FOX,,0.38,,-
1,Sat 09/05,12:00 PM,2026-09-05T12:00:00-04:00,Nebraska,Ohio,0,51.8,,,,,,70.0,,,,FS1,,0.38,,-
1,Sat 09/05,12:00 PM,2026-09-05T12:00:00-04:00,Alabama,East Carolina,0,52.3,,,,,,58.0,,8.0,,ABC,,0.38,,-
1,Sat 09/05,12:00 PM,2026-09-05T12:00:00-04:00,Houston,Oregon State,0,58.3,,,,,,53.0,,25.0,,ESPN,,0.38,,-
1,Sat 09/05,12:00 PM,2026-09-05T12:00:00-04:00,James Madison,Liberty,0,52.4,,,,,,33.0,,,,ESPNU,,0.41,,-
1,Sat 09/05,12:30 PM,2026-09-05T12:30:00-04:00,Pittsburgh,Miami (OH),0,51.2,,,,,,73.0,,,,The CW Network,,0.38,,-
1,Sat 09/05,12:30 PM,2026-09-05T12:30:00-04:00,Ohio State,Ball State,0,53.5,,,,,,59.0,,7.0,,BTN,,0.38,,-
1,Sat 09/05,12:45 PM,2026-09-05T12:45:00-04:00,South Carolina,Kent State,0,48.2,,,,,,57.0,,,,SEC Network,,0.38,,-
1,Sat 09/05,3:30 PM,2026-09-05T15:30:00-04:00,Texas,Texas State,0,55.9,,,,,,66.0,,1.0,,ESPN,,0.38,,-
1,Sat 09/05,3:30 PM,2026-09-05T15:30:00-04:00,Oregon,Boise State,0,58.4,,,,,,61.0,,20.0,,CBS,,0.38,,-
1,Sat 09/05,3:30 PM,2026-09-05T15:30:00-04:00,Auburn,Baylor,1,50.8,,,,,,33.0,,,,ABC,,0.38,,-
1,Sat 09/05,3:30 PM,2026-09-05T15:30:00-04:00,Penn State,Marshall,0,52.0,,,,,,45.0,,13.0,,FS1,,0.38,,-
1,Sat 09/05,3:30 PM,2026-09-05T15:30:00-04:00,Cincinnati,Boston College,0,52.1,,,,,,49.0,,,,FOX,,0.38,,-
1,Sat 09/05,3:30 PM,2026-09-05T15:30:00-04:00,Duke,Tulane,0,47.7,,,,,,20.0,,,,ACC Network,,0.38,,-
1,Sat 09/05,3:45 PM,2026-09-05T15:45:00-04:00,Tulsa,Oklahoma State,0,50.2,,,,,,34.0,,,,ESPNU,,0.38,,-
1,Sat 09/05,4:15 PM,2026-09-05T16:15:00-04:00,Iowa,Northern Illinois,0,43.0,,,,,,40.0,,17.0,,BTN,,0.38,,-
1,Sat 09/05,6:00 PM,2026-09-05T18:00:00-04:00,Colorado State,Wyoming,0,54.7,,,,,,48.0,,,,USA Net,,0.38,,-
1,Sat 09/05,7:00 PM,2026-09-05T19:00:00-04:00,Troy,Sam Houston,0,48.5,,,,,,45.0,,,,ESPN+,,0.38,,-
1,Sat 09/05,7:00 PM,2026-09-05T19:00:00-04:00,Memphis,Arkansas State,0,58.9,,,,,,66.0,,,,ESPN+,,0.41,,-
1,Sat 09/05,7:00 PM,2026-09-05T19:00:00-04:00,South Florida,Florida International,0,51.9,,,,,,28.0,,,,ESPN+,,0.38,,-
1,Sat 09/05,7:00 PM,2026-09-05T19:00:00-04:00,Texas A&M,Missouri State,0,55.8,,,,,,50.0,,23.0,,ESPN,,0.38,,-
1,Sat 09/05,7:30 PM,2026-09-05T19:30:00-04:00,LSU,Clemson,0,44.3,,,,,,61.0,,10.0,,ABC,,0.38,,-
1,Sat 09/05,7:30 PM,2026-09-05T19:30:00-04:00,Michigan,Western Michigan,0,44.1,,,,,,25.0,,18.0,,NBC,,0.38,,-
1,Sat 09/05,7:30 PM,2026-09-05T19:30:00-04:00,Mississippi State,UL Monroe,0,59.9,,,,,,75.0,,24.0,,ESPNU,,0.38,,-
1,Sat 09/05,7:45 PM,2026-09-05T19:45:00-04:00,Florida,Florida Atlantic,0,59.8,,,,,,87.0,,21.0,,SEC Network,,0.38,,-
1,Sat 09/05,10:00 PM,2026-09-05T22:00:00-04:00,New Mexico,Central Michigan,0,43.6,,,,,,45.0,,,,FS1,,0.38,,-
1,Sat 09/05,10:00 PM,2026-09-05T22:00:00-04:00,Hawai'i,UNLV,0,54.7,,,,,,27.0,,,,The CW Network,,0.38,,-
1,Sat 09/05,10:30 PM,2026-09-05T22:30:00-04:00,Nevada,Western Kentucky,0,51.3,,,,,,63.0,,,,CBSSN,,0.38,,-
1,Sat 09/05,10:30 PM,2026-09-05T22:30:00-04:00,California,UCLA,0,58.2,,,,,,69.0,,,,ESPN,,0.38,,-
1,Sun 09/06,4:00 PM,2026-09-06T16:00:00-04:00,Washington,Washington State,0,49.9,,,,,,34.0,,,,NBC,,0.38,,-
1,Sun 09/06,7:30 PM,2026-09-06T19:30:00-04:00,Ole Miss,Louisville,1,59.4,,,,,,79.0,,4.0,16.0,ABC,,0.38,,-
1,Sun 09/06,7:30 PM,2026-09-06T19:30:00-04:00,Notre Dame,Wisconsin,1,48.0,,,,,,54.0,,3.0,,NBC,,0.38,,-
1,Mon 09/07,7:30 PM,2026-09-07T19:30:00-04:00,Florida State,SMU,0,59.1,,,,,,51.0,,,22.0,ESPN,,0.38,,-
2,Fri 09/11,7:30 PM,2026-09-11T19:30:00-04:00,Boston College,Rutgers,0,52.8,,,,,,49.0,,,,ESPN2,,0.38,,-
2,Fri 09/11,8:00 PM,2026-09-11T20:00:00-04:00,Kansas,Missouri,0,49.9,,,,,,59.0,,,19.0,FOX,,0.38,,-
2,Sat 09/12,12:00 PM,2026-09-12T12:00:00-04:00,Kansas State,Washington State,0,46.7,,,,,,41.0,,,,TNT,,0.38,,-
2,Sat 09/12,12:00 PM,2026-09-12T12:00:00-04:00,Oklahoma State,Oregon,0,50.9,,,,,,70.0,,,20.0,ESPN,,0.38,,-
2,Sat 09/12,12:00 PM,2026-09-12T12:00:00-04:00,Virginia Tech,Old Dominion,0,51.1,,,,,,65.0,,,,The CW Network,,0.38,,-
2,Sat 09/12,12:00 PM,2026-09-12T12:00:00-04:00,Michigan,Oklahoma,0,44.0,,,,,,27.0,,18.0,,FOX,,0.38,,-
2,Sat 09/12,12:00 PM,2026-09-12T12:00:00-04:00,East Carolina,App State,0,48.2,,,,,,51.0,,,,ESPNU,,0.38,,-
2,Sat 09/12,12:00 PM,2026-09-12T12:00:00-04:00,Temple,Penn State,0,51.1,,,,,,36.0,,,13.0,ESPN2,,0.38,,-
2,Sat 09/12,12:00 PM,2026-09-12T12:00:00-04:00,Army,South Florida,0,45.2,,,,,,52.0,,,,CBSSN,,0.33,,-
2,Sat 09/12,12:00 PM,2026-09-12T12:00:00-04:00,Purdue,Wake Forest,0,55.0,,,,,,74.0,,,,FS1,,0.38,,-
2,Sat 09/12,12:00 PM,2026-09-12T12:00:00-04:00,Texas A&M,Arizona State,0,51.0,,,,,,68.0,,23.0,,ABC,,0.38,,-
2,Sat 09/12,12:45 PM,2026-09-12T12:45:00-04:00,Georgia,Western Kentucky,0,62.0,,,,,,90.0,,2.0,,SEC Network,,0.38,,-
2,Sat 09/12,3:30 PM,2026-09-12T15:30:00-04:00,UAB,UL Monroe,0,53.7,,,,,,46.0,,,,ESPN+,,0.38,,-
2,Sat 09/12,3:30 PM,2026-09-12T15:30:00-04:00,Notre Dame,Rice,0,45.2,,,,,,52.0,,3.0,,NBC,,0.38,,-
2,Sat 09/12,3:30 PM,2026-09-12T15:30:00-04:00,Minnesota,Mississippi State,0,51.1,,,,,,51.0,,,24.0,CBS,,0.38,,-
2,Sat 09/12,3:30 PM,2026-09-12T15:30:00-04:00,Texas State,UTSA,0,56.8,,,,,,57.0,,,,The CW Network,,0.38,,-
2,Sat 09/12,3:30 PM,2026-09-12T15:30:00-04:00,Pittsburgh,UCF,0,46.8,,,,,,19.0,,,,ESPN2,,0.38,,-
2,Sat 09/12,3:30 PM,2026-09-12T15:30:00-04:00,Illinois,Duke,0,50.8,,,,,,58.0,,,,FS1,,0.38,,-
2,Sat 09/12,3:30 PM,2026-09-12T15:30:00-04:00,BYU,Arizona,0,50.9,,,,,,45.0,,9.0,,FOX,,0.38,,-
2,Sat 09/12,3:30 PM,2026-09-12T15:30:00-04:00,Michigan State,Eastern Michigan,0,45.9,,,,,,42.0,,,,BTN,,0.41,,-
2,Sat 09/12,3:30 PM,2026-09-12T15:30:00-04:00,UConn,Maryland,0,50.0,,,,,,52.0,,,,CBSSN,,0.38,,-
2,Sat 09/12,3:30 PM,2026-09-12T15:30:00-04:00,Washington,Utah State,0,51.9,,,,,,30.0,,,,BTN,,0.38,,-
2,Sat 09/12,3:30 PM,2026-09-12T15:30:00-04:00,Syracuse,California,0,51.2,,,,,,39.0,,,,ACC Network,,0.38,,-
2,Sat 09/12,3:30 PM,2026-09-12T15:30:00-04:00,Kentucky,Alabama,0,51.5,,,,,,62.0,,,8.0,ABC,,0.38,,-
2,Sat 09/12,3:45 PM,2026-09-12T15:45:00-04:00,North Texas,UNLV,0,60.4,,,,,,50.0,,,,ESPNU,,0.38,,-
2,Sat 09/12,4:15 PM,2026-09-12T16:15:00-04:00,Vanderbilt,Delaware,0,52.5,,,,,,61.0,,,,SEC Network,,0.38,,-
2,Sat 09/12,6:00 PM,2026-09-12T18:00:00-04:00,Florida International,Buffalo,0,52.3,,,,,,53.0,,,,ESPN+,,0.38,,-
2,Sat 09/12,6:00 PM,2026-09-12T18:00:00-04:00,Boise State,Memphis,0,54.4,,,,,,58.0,,,,USA Net,,0.41,,-
2,Sat 09/12,6:00 PM,2026-09-12T18:00:00-04:00,Ohio,Jacksonville State,0,53.1,,,,,,56.0,,,,ESPN+,,0.41,,-
2,Sat 09/12,7:00 PM,2026-09-12T19:00:00-04:00,Kennesaw State,Georgia State,0,56.9,,,,,,48.0,,,,ESPN+,,0.38,,-
2,Sat 09/12,7:00 PM,2026-09-12T19:00:00-04:00,Tulane,South Alabama,0,56.6,,,,,,52.0,,,,ESPN+,,0.38,,-
2,Sat 09/12,7:00 PM,2026-09-12T19:00:00-04:00,Nebraska,Bowling Green,0,48.3,,,,,,63.0,,,,FS1,,0.38,,-
2,Sat 09/12,7:00 PM,2026-09-12T19:00:00-04:00,Marshall,Middle Tennessee,0,51.0,,,,,,54.0,,,,ESPN+,,0.38,,-
2,Sat 09/12,7:00 PM,2026-09-12T19:00:00-04:00,Sam Houston,Tulsa,0,50.0,,,,,,40.0,,,,ESPN+,,0.38,,-
2,Sat 09/12,7:00 PM,2026-09-12T19:00:00-04:00,Georgia Tech,Tennessee,0,52.8,,,,,,69.0,,,14.0,ESPN,,0.38,,-
2,Sat 09/12,7:15 PM,2026-09-12T19:15:00-04:00,UCLA,San Diego State,0,45.8,,,,,,38.0,,,,BTN,,0.38,,-
2,Sat 09/12,7:30 PM,2026-09-12T19:30:00-04:00,LSU,Louisiana Tech,0,50.3,,,,,,59.0,,10.0,,SECN+,,0.38,,-
2,Sat 09/12,7:30 PM,2026-09-12T19:30:00-04:00,Clemson,Georgia Southern,0,48.5,,,,,,29.0,,,,ACC Network,,0.38,,-
2,Sat 09/12,7:30 PM,2026-09-12T19:30:00-04:00,Oregon State,Texas Tech,0,52.5,,,,,,59.0,,,11.0,CBS,,0.38,,-
2,Sat 09/12,7:30 PM,2026-09-12T19:30:00-04:00,Texas,Ohio State,0,49.0,,,,,,47.0,,1.0,7.0,ABC,,0.38,,-
2,Sat 09/12,7:30 PM,2026-09-12T19:30:00-04:00,Florida Atlantic,Navy,0,57.2,,,,,,68.0,,,,ESPNU,,0.33,,-
2,Sat 09/12,7:30 PM,2026-09-12T19:30:00-04:00,Iowa,Iowa State,0,42.9,,,,,,29.0,,17.0,,NBC,,0.38,,-
2,Sat 09/12,7:45 PM,2026-09-12T19:45:00-04:00,Ole Miss,Charlotte,0,61.3,,,,,,50.0,,4.0,,ESPN2,,0.38,,-
2,Sat 09/12,7:45 PM,2026-09-12T19:45:00-04:00,Auburn,Southern Miss,0,53.4,,,,,,51.0,,,,SEC Network,,0.38,,-
2,Sat 09/12,10:00 PM,2026-09-12T22:00:00-04:00,Air Force,North Dakota State,0,48.3,,,,,,70.0,,,,FS1,,0.36,,-
2,Sat 09/12,10:15 PM,2026-09-12T22:15:00-04:00,Utah,Arkansas,0,56.4,,,,,,53.0,,15.0,,ESPN,,0.38,,-
2,Sat 09/12,10:30 PM,2026-09-12T22:30:00-04:00,Fresno State,Sacramento State,0,51.2,,,,,,52.0,,,,CBSSN,,0.41,,-
2,Sat 09/12,11:00 PM,2026-09-12T23:00:00-04:00,USC,Louisiana,0,61.4,,,,,,79.0,,12.0,,BTN,,0.41,,-
2,Sat 09/12,11:59 PM,2026-09-12T23:59:00-04:00,Hawai'i,New Mexico State,0,53.2,,,,,,48.0,,,,MW+,,0.38,,-
3,Thu 09/17,7:30 PM,2026-09-17T19:30:00-04:00,Pittsburgh,Syracuse,0,53.1,,51.0,2.1,OVER,,40.0,,,,ESPN,,0.38,2.1,-
3,Fri 09/18,7:30 PM,2026-09-18T19:30:00-04:00,Wake Forest,Miami,0,47.7,,55.0,-7.3,UNDER,,53.0,,,6.0,ESPN,,0.38,7.3,STRONG
3,Fri 09/18,8:00 PM,2026-09-18T20:00:00-04:00,Texas Tech,Houston,0,54.6,,53.0,1.6,OVER,,54.0,,11.0,25.0,FOX,,0.38,1.6,-
3,Sat 09/19,11:30 AM,2026-09-19T11:30:00-04:00,Delaware,Coastal Carolina,0,57.4,,57.5,-0.1,UNDER,,36.0,,,,CBSSN,,0.41,0.1,-
3,Sat 09/19,12:00 PM,2026-09-19T12:00:00-04:00,Penn State,Buffalo,0,53.5,,47.5,6.0,OVER,,68.0,,13.0,,BTN,,0.38,6.0,STRONG
3,Sat 09/19,12:00 PM,2026-09-19T12:00:00-04:00,Minnesota,Akron,0,55.0,,49.0,6.0,OVER,,48.0,,,,BTN,,0.38,6.0,STRONG
3,Sat 09/19,12:00 PM,2026-09-19T12:00:00-04:00,Iowa State,Bowling Green,0,49.6,,46.0,3.6,OVER,,62.0,,,,ESPNU,,0.38,3.6,LEAN
3,Sat 09/19,12:00 PM,2026-09-19T12:00:00-04:00,Kansas,Arizona State,1,50.8,,53.0,-2.2,UNDER,,41.0,,,,FS1,,0.38,2.2,-
3,Sat 09/19,12:00 PM,2026-09-19T12:00:00-04:00,Ohio State,Kent State,0,56.4,,58.5,-2.1,UNDER,,62.0,,7.0,,FOX,,0.38,2.1,-
3,Sat 09/19,12:00 PM,2026-09-19T12:00:00-04:00,Texas State,North Texas,0,64.5,,63.5,1.0,OVER,,84.0,,,,USA Net,,0.38,1.0,-
3,Sat 09/19,12:00 PM,2026-09-19T12:00:00-04:00,Arkansas,Georgia,0,55.0,,54.0,1.0,OVER,,62.0,,,2.0,ABC,,0.38,1.0,-
3,Sat 09/19,12:00 PM,2026-09-19T12:00:00-04:00,Kansas State,Tulane,0,48.8,,49.5,-0.7,UNDER,,51.0,,,,ESPN2,,0.38,0.7,-
3,Sat 09/19,12:00 PM,2026-09-19T12:00:00-04:00,Clemson,North Carolina,0,45.2,,44.5,0.7,OVER,,48.0,,,,ESPN,,0.38,0.7,-
3,Sat 09/19,12:30 PM,2026-09-19T12:30:00-04:00,Wisconsin,Eastern Michigan,0,49.2,,46.0,3.2,OVER,,64.0,,,,Peacock,,0.41,3.2,LEAN
3,Sat 09/19,12:45 PM,2026-09-19T12:45:00-04:00,Vanderbilt,NC State,0,55.9,,52.5,3.4,OVER,,66.0,,,,SEC Network,,0.38,3.4,LEAN
3,Sat 09/19,1:00 PM,2026-09-19T13:00:00-04:00,Central Michigan,Wyoming,0,49.9,,39.5,10.4,OVER,,34.0,,,,ESPN+,,0.38,10.4,STRONG
3,Sat 09/19,3:00 PM,2026-09-19T15:00:00-04:00,Toledo,Temple,0,53.7,,51.0,2.7,OVER,,97.0,,,,CBSSN,,0.38,2.7,-
3,Sat 09/19,3:30 PM,2026-09-19T15:30:00-04:00,Alabama,Florida State,0,59.3,,49.0,10.3,OVER,,86.0,,8.0,,ABC,,0.38,10.3,STRONG
3,Sat 09/19,3:30 PM,2026-09-19T15:30:00-04:00,Texas A&M,Kentucky,0,53.8,,49.0,4.8,OVER,,52.0,,23.0,,ESPN,,0.38,4.8,LEAN
3,Sat 09/19,3:30 PM,2026-09-19T15:30:00-04:00,Cincinnati,Miami (OH),0,55.7,,51.0,4.7,OVER,,66.0,,,,ESPN+,,0.38,4.7,LEAN
3,Sat 09/19,3:30 PM,2026-09-19T15:30:00-04:00,Rutgers,USC,0,60.8,,57.5,3.3,OVER,,77.0,,,12.0,CBS,,0.41,3.3,LEAN
3,Sat 09/19,3:30 PM,2026-09-19T15:30:00-04:00,Michigan,UTEP,0,46.7,,49.5,-2.8,UNDER,,69.0,,18.0,,BTN,,0.38,2.8,-
3,Sat 09/19,3:30 PM,2026-09-19T15:30:00-04:00,Utah,Utah State,0,55.0,,57.0,-2.0,UNDER,,33.0,,15.0,,FOX,,0.38,2.0,-
3,Sat 09/19,3:30 PM,2026-09-19T15:30:00-04:00,Louisville,SMU,0,60.2,,59.5,0.7,OVER,,72.0,,16.0,22.0,ESPN2,,0.38,0.7,-
3,Sat 09/19,4:00 PM,2026-09-19T16:00:00-04:00,Indiana,Western Kentucky,0,57.2,,59.5,-2.3,UNDER,,38.0,,5.0,,Peacock,,0.38,2.3,-
3,Sat 09/19,4:00 PM,2026-09-19T16:00:00-04:00,Duke,Stanford,0,49.2,,51.0,-1.8,UNDER,,42.0,,,,CW,,0.38,1.8,-
3,Sat 09/19,4:00 PM,2026-09-19T16:00:00-04:00,Baylor,Louisiana Tech,0,54.2,,55.0,-0.8,UNDER,,55.0,,,,ESPNU,,0.38,0.8,-
3,Sat 09/19,4:00 PM,2026-09-19T16:00:00-04:00,Liberty,Ball State,0,51.5,,51.0,0.5,OVER,,66.0,,,,ESPN+,,0.41,0.5,-
3,Sat 09/19,4:15 PM,2026-09-19T16:15:00-04:00,South Carolina,Mississippi State,0,52.9,,58.5,-5.6,UNDER,,75.0,,,24.0,SEC Network,,0.38,5.6,STRONG
3,Sat 09/19,6:00 PM,2026-09-19T18:00:00-04:00,Florida Atlantic,Florida International,0,53.1,,62.5,-9.4,UNDER,,26.0,,,,ESPN+,,0.38,9.4,STRONG
3,Sat 09/19,6:00 PM,2026-09-19T18:00:00-04:00,Old Dominion,East Carolina,0,44.3,,49.5,-5.2,UNDER,,37.0,,,,ESPN+,,0.38,5.2,STRONG
3,Sat 09/19,6:00 PM,2026-09-19T18:00:00-04:00,App State,Charlotte,0,53.9,,50.5,3.4,OVER,,47.0,,,,ESPN+,,0.38,3.4,LEAN
3,Sat 09/19,6:30 PM,2026-09-19T18:30:00-04:00,Missouri State,Marshall,0,52.8,,52.0,0.8,OVER,,54.0,,,,CBSSN,,0.38,0.8,-
3,Sat 09/19,7:00 PM,2026-09-19T19:00:00-04:00,South Alabama,Ohio,0,60.8,,52.5,8.3,OVER,,77.0,,,,ESPN+,,0.38,8.3,STRONG
3,Sat 09/19,7:00 PM,2026-09-19T19:00:00-04:00,Rice,Western Michigan,0,50.7,,44.0,6.7,OVER,,49.0,,,,ESPN+,,0.38,6.7,STRONG
3,Sat 09/19,7:00 PM,2026-09-19T19:00:00-04:00,UCF,Georgia State,0,54.9,,50.5,4.4,OVER,,74.0,,,,ESPN+,,0.38,4.4,LEAN
3,Sat 09/19,7:00 PM,2026-09-19T19:00:00-04:00,Auburn,Florida,0,50.2,,53.0,-2.8,UNDER,,83.0,,,21.0,ESPN,,0.38,2.8,-
3,Sat 09/19,7:00 PM,2026-09-19T19:00:00-04:00,Southern Miss,UConn,0,55.8,,54.0,1.8,OVER,,68.0,,,,ESPN+,,0.38,1.8,-
3,Sat 09/19,7:00 PM,2026-09-19T19:00:00-04:00,Missouri,Troy,0,48.1,,49.5,-1.4,UNDER,,44.0,,19.0,,SECN+,,0.38,1.4,-
3,Sat 09/19,7:00 PM,2026-09-19T19:00:00-04:00,Jacksonville State,Georgia Southern,0,51.3,,52.5,-1.2,UNDER,,58.0,,,,ESPN+,,0.41,1.2,-
3,Sat 09/19,7:00 PM,2026-09-19T19:00:00-04:00,Middle Tennessee,Nevada,0,50.4,,51.0,-0.6,UNDER,,47.0,,,,ESPN+,,0.38,0.6,-
3,Sat 09/19,7:30 PM,2026-09-19T19:30:00-04:00,Virginia,West Virginia,1,49.3,,54.5,-5.2,UNDER,,65.0,,,,ACC Network,,0.38,5.2,STRONG
3,Sat 09/19,7:30 PM,2026-09-19T19:30:00-04:00,Colorado State,BYU,0,56.3,,52.0,4.3,OVER,,64.0,,,9.0,CBS,,0.38,4.3,LEAN
3,Sat 09/19,7:30 PM,2026-09-19T19:30:00-04:00,Oklahoma,New Mexico,0,44.8,,48.0,-3.2,UNDER,,20.0,,,,ESPN2,,0.38,3.2,LEAN
3,Sat 09/19,7:30 PM,2026-09-19T19:30:00-04:00,Northwestern,Colorado,0,49.9,,47.0,2.9,OVER,,48.0,,,,FOX,,0.33,2.9,-
3,Sat 09/19,7:30 PM,2026-09-19T19:30:00-04:00,Ole Miss,LSU,0,55.7,,58.5,-2.8,UNDER,,56.0,,4.0,10.0,ABC,,0.38,2.8,-
3,Sat 09/19,7:30 PM,2026-09-19T19:30:00-04:00,Maryland,Virginia Tech,0,55.3,,53.5,1.8,OVER,,61.0,,,,FS1,,0.38,1.8,-
3,Sat 09/19,7:30 PM,2026-09-19T19:30:00-04:00,Notre Dame,Michigan State,0,51.2,,52.0,-0.8,UNDER,,37.0,,3.0,,NBC,,0.38,0.8,-
3,Sat 09/19,7:45 PM,2026-09-19T19:45:00-04:00,Tennessee,Kennesaw State,0,60.5,,60.0,0.5,OVER,,51.0,,14.0,,SEC Network,,0.38,0.5,-
3,Sat 09/19,8:00 PM,2026-09-19T20:00:00-04:00,Texas,UTSA,0,53.2,,58.0,-4.8,UNDER,,36.0,,1.0,,SECN+,,0.38,4.8,LEAN
3,Sat 09/19,8:00 PM,2026-09-19T20:00:00-04:00,Louisiana,UAB,0,54.2,,56.5,-2.3,UNDER,,35.0,,,,ESPN+,,0.38,2.3,-
3,Sat 09/19,8:00 PM,2026-09-19T20:00:00-04:00,TCU,Arkansas State,0,55.8,,57.5,-1.7,UNDER,,38.0,,,,ESPNU,,0.38,1.7,-
3,Sat 09/19,10:00 PM,2026-09-19T22:00:00-04:00,San Diego State,James Madison,0,49.9,,46.5,3.4,OVER,,39.0,,,,CW,,0.38,3.4,LEAN
3,Sat 09/19,10:30 PM,2026-09-19T22:30:00-04:00,Sacramento State,North Dakota State,0,50.5,,53.0,-2.5,UNDER,,41.0,,,,ESPN,,0.44,2.5,-
3,Sat 09/19,10:30 PM,2026-09-19T22:30:00-04:00,Arizona,Northern Illinois,0,49.7,,50.0,-0.3,UNDER,,59.0,,,,TNT,,0.38,0.3,-
3,Sat 09/19,11:00 PM,2026-09-19T23:00:00-04:00,UCLA,Purdue,0,58.1,,53.0,5.1,OVER,,90.0,,,,BTN,,0.38,5.1,STRONG
3,Sat 09/19,11:00 PM,2026-09-19T23:00:00-04:00,San José State,Fresno State,0,48.4,,50.5,-2.1,UNDER,,36.0,,,,FS1,,0.41,2.1,-
4,Thu 09/24,7:30 PM,2026-09-24T19:30:00-04:00,Coastal Carolina,Liberty,0,54.2,,52.0,2.2,OVER,,51.0,50.5,,,ESPN,,0.44,2.2,-
4,Fri 09/25,4:00 PM,2026-09-25T16:00:00-04:00,Temple,Army,0,54.3,47.5,49.0,5.3,OVER,3.5,,47.75,,,ESPN,9.0,0.33,5.3,STRONG
4,Fri 09/25,7:00 PM,2026-09-25T19:00:00-04:00,UAB,Navy,0,51.4,51.5,51.5,-0.1,UNDER,6.5,,51.25,,,ESPN,9.0,0.33,0.1,-
4,Fri 09/25,8:00 PM,2026-09-25T20:00:00-04:00,Indiana,Northwestern,0,49.7,49.5,50.0,-0.3,UNDER,-20.0,,49.75,5.0,,FOX,9.0,0.33,0.3,-
4,Fri 09/25,10:30 PM,2026-09-25T22:30:00-04:00,California,Clemson,0,58.7,51.0,50.5,8.2,OVER,1.5,,50.75,,,ESPN,9.0,0.38,8.2,STRONG
4,Sat 09/26,12:00 PM,2026-09-26T12:00:00-04:00,Akron,UNLV,0,57.1,52.5,50.0,7.1,OVER,13.5,,52.75,,,ESPN+,9.0,0.38,7.1,STRONG
4,Sat 09/26,12:00 PM,2026-09-26T12:00:00-04:00,UTSA,Colorado State,0,61.6,57.0,57.5,4.1,OVER,-14.0,,56.5,,,ESPNU,9.0,0.38,4.1,LEAN
4,Sat 09/26,12:00 PM,2026-09-26T12:00:00-04:00,Louisville,Wake Forest,0,55.1,57.0,58.0,-2.9,UNDER,-13.5,,57.5,16.0,,ESPN,9.0,0.38,2.9,-
4,Sat 09/26,12:00 PM,2026-09-26T12:00:00-04:00,Kent State,Ball State,0,51.9,50.5,49.5,2.4,OVER,-3.0,,50.75,,,ESPN+,9.0,0.38,2.4,-
4,Sat 09/26,12:00 PM,2026-09-26T12:00:00-04:00,Toledo,San Diego State,0,46.8,51.5,49.0,-2.2,UNDER,-3.0,,51.5,,,CBSSN,9.0,0.38,2.2,-
4,Sat 09/26,12:00 PM,2026-09-26T12:00:00-04:00,Ohio State,Illinois,0,56.1,53.5,54.0,2.1,OVER,-27.0,,53.75,7.0,,FOX,8.0,0.38,2.1,-
4,Sat 09/26,12:00 PM,2026-09-26T12:00:00-04:00,Baylor,Colorado,0,53.2,55.5,55.0,-1.8,UNDER,-9.5,,55.5,,,ESPN2,9.0,0.38,1.8,-
4,Sat 09/26,12:00 PM,2026-09-26T12:00:00-04:00,Boston College,Virginia Tech,0,53.5,47.5,52.0,1.5,OVER,14.0,,47.25,,,ACC Network,9.0,0.38,1.5,-
4,Sat 09/26,12:00 PM,2026-09-26T12:00:00-04:00,Tennessee,Texas,0,54.7,54.5,56.0,-1.3,UNDER,5.0,,55.0,14.0,1.0,ABC,9.0,0.38,1.3,-
4,Sat 09/26,12:00 PM,2026-09-26T12:00:00-04:00,Texas Tech,Sam Houston,0,55.8,56.0,55.0,0.8,OVER,-34.5,,55.75,11.0,,TNT,8.0,0.38,0.8,-
4,Sat 09/26,12:45 PM,2026-09-26T12:45:00-04:00,Kentucky,South Alabama,0,58.9,54.5,55.0,3.9,OVER,-20.5,,54.5,,,SEC Network,9.0,0.38,3.9,LEAN
4,Sat 09/26,1:30 PM,2026-09-26T13:30:00-04:00,Maryland,UCLA,0,53.4,56.5,58.0,-4.6,UNDER,1.5,,56.5,,,BTN,9.0,0.38,4.6,LEAN
4,Sat 09/26,2:00 PM,2026-09-26T14:00:00-04:00,Purdue,Notre Dame,0,59.8,58.0,57.5,2.3,OVER,28.0,,58.25,,3.0,Peacock,9.0,0.38,2.3,-
4,Sat 09/26,2:00 PM,2026-09-26T14:00:00-04:00,Georgia State,Northern Illinois,0,53.7,56.0,55.0,-1.3,UNDER,-10.5,,56.5,,,ESPN+,9.0,0.38,1.3,-
4,Sat 09/26,3:00 PM,2026-09-26T15:00:00-04:00,Wyoming,Hawai'i,0,53.8,43.5,46.0,7.8,OVER,2.5,,43.5,,,CW,9.0,0.38,7.8,STRONG
4,Sat 09/26,3:30 PM,2026-09-26T15:30:00-04:00,Georgia,Oklahoma,0,49.2,44.5,43.5,5.7,OVER,-13.5,,44.5,2.0,,ESPN,9.0,0.38,5.7,STRONG
4,Sat 09/26,3:30 PM,2026-09-26T15:30:00-04:00,Michigan,Iowa,0,43.0,38.5,37.5,5.5,OVER,-5.5,,38.25,18.0,17.0,CBS,9.0,0.38,5.5,STRONG
4,Sat 09/26,3:30 PM,2026-09-26T15:30:00-04:00,Florida,Ole Miss,0,56.7,59.0,61.0,-4.3,UNDER,-3.5,,59.25,21.0,4.0,ABC,8.0,0.38,4.3,LEAN
4,Sat 09/26,3:30 PM,2026-09-26T15:30:00-04:00,Western Michigan,Boise State,0,52.4,49.5,48.5,3.9,OVER,7.0,,49.75,,,ESPN2,9.0,0.38,3.9,LEAN
4,Sat 09/26,3:30 PM,2026-09-26T15:30:00-04:00,New Mexico State,New Mexico,0,50.5,48.5,48.5,2.0,OVER,11.5,,48.5,,,CBSSN,9.0,0.38,2.0,-
4,Sat 09/26,3:30 PM,2026-09-26T15:30:00-04:00,Iowa State,Utah,0,50.7,47.8,49.0,1.7,OVER,8.0,,47.5,,15.0,FOX,8.0,0.38,1.7,-
4,Sat 09/26,3:30 PM,2026-09-26T15:30:00-04:00,Miami (OH),UConn,0,51.7,51.5,51.0,0.7,OVER,-3.5,,51.75,,,ESPN+,9.0,0.38,0.7,-
4,Sat 09/26,3:30 PM,2026-09-26T15:30:00-04:00,UCF,TCU,0,49.5,48.5,49.5,0.0,UNDER,3.0,,48.5,,,FS1,9.0,0.38,0.0,-
4,Sat 09/26,4:00 PM,2026-09-26T16:00:00-04:00,Georgia Southern,Houston,0,57.2,56.5,55.0,2.2,OVER,17.5,,56.5,,25.0,ESPNU,9.0,0.38,2.2,-
4,Sat 09/26,4:15 PM,2026-09-26T16:15:00-04:00,Auburn,Vanderbilt,0,48.1,55.0,54.5,-6.4,UNDER,-9.5,,55.5,,,SEC Network,9.0,0.38,6.4,STRONG
4,Sat 09/26,5:00 PM,2026-09-26T17:00:00-04:00,Michigan State,Nebraska,0,54.0,48.5,48.5,5.5,OVER,5.5,,48.75,,,BTN,9.0,0.38,5.5,STRONG
4,Sat 09/26,5:00 PM,2026-09-26T17:00:00-04:00,Penn State,Wisconsin,0,49.5,44.0,46.5,3.0,OVER,-10.0,,44.25,13.0,,ERADM,9.0,0.38,3.0,LEAN
4,Sat 09/26,5:00 PM,2026-09-26T17:00:00-04:00,Bowling Green,South Florida,0,51.1,49.0,49.5,1.6,OVER,17.5,,49.25,,,ESPN+,9.0,0.38,1.6,-
4,Sat 09/26,6:00 PM,2026-09-26T18:00:00-04:00,Virginia,Delaware,0,53.8,52.5,52.5,1.3,OVER,-19.5,,52.5,,,ACC Network,9.0,0.38,1.3,-
4,Sat 09/26,6:00 PM,2026-09-26T18:00:00-04:00,Old Dominion,James Madison,0,48.7,44.5,47.5,1.2,OVER,6.0,,44.5,,,ESPN+,9.0,0.38,1.2,-
4,Sat 09/26,6:30 PM,2026-09-26T18:30:00-04:00,Miami,Central Michigan,0,48.7,54.0,53.0,-4.3,UNDER,-41.5,,54.0,6.0,,CW,8.0,0.38,4.3,LEAN
4,Sat 09/26,6:30 PM,2026-09-26T18:30:00-04:00,Charlotte,Louisiana,0,53.8,48.5,50.0,3.8,OVER,10.0,,48.75,,,ESPN+,9.0,0.38,3.8,LEAN
4,Sat 09/26,7:00 PM,2026-09-26T19:00:00-04:00,West Virginia,Oklahoma State,0,55.4,61.5,59.5,-4.1,UNDER,-2.0,,61.25,,,FS1,9.0,0.38,4.1,LEAN
4,Sat 09/26,7:00 PM,2026-09-26T19:00:00-04:00,Arkansas State,Kennesaw State,0,56.8,53.0,53.5,3.3,OVER,-6.5,,52.75,,,ESPN+,9.0,0.38,3.3,LEAN
4,Sat 09/26,7:00 PM,2026-09-26T19:00:00-04:00,Cincinnati,Kansas State,0,55.8,55.5,54.0,1.8,OVER,6.0,,55.5,,,ESPN2,9.0,0.38,1.8,-
4,Sat 09/26,7:00 PM,2026-09-26T19:00:00-04:00,Alabama,South Carolina,0,55.8,54.0,54.0,1.8,OVER,-12.5,,54.25,8.0,,ESPN,9.0,0.38,1.8,-
4,Sat 09/26,7:00 PM,2026-09-26T19:00:00-04:00,Tulane,Southern Miss,0,54.1,52.5,52.5,1.6,OVER,-18.0,,52.5,,,ESPN+,9.0,0.38,1.6,-
4,Sat 09/26,7:00 PM,2026-09-26T19:00:00-04:00,Jacksonville State,Middle Tennessee,0,53.5,51.5,52.0,1.5,OVER,-7.0,,51.5,,,ESPN+,9.0,0.41,1.5,-
4,Sat 09/26,7:30 PM,2026-09-26T19:30:00-04:00,LSU,Texas A&M,0,46.0,52.0,52.5,-6.5,UNDER,-9.0,,51.75,10.0,23.0,ABC,9.0,0.38,6.5,STRONG
4,Sat 09/26,7:30 PM,2026-09-26T19:30:00-04:00,Washington State,Arizona,0,53.5,48.0,47.5,6.0,OVER,10.5,,48.25,,,CBS,9.0,0.38,6.0,STRONG
4,Sat 09/26,7:30 PM,2026-09-26T19:30:00-04:00,NC State,App State,0,59.8,55.0,55.0,4.8,OVER,-14.0,,55.25,,,ESPNU,9.0,0.38,4.8,LEAN
4,Sat 09/26,7:30 PM,2026-09-26T19:30:00-04:00,Utah State,Troy,0,45.8,47.0,49.0,-3.2,UNDER,-3.0,,47.25,,,CBSSN,9.0,0.38,3.2,LEAN
4,Sat 09/26,7:30 PM,2026-09-26T19:30:00-04:00,USC,Oregon,0,60.3,61.5,62.0,-1.7,UNDER,3.0,,61.5,12.0,20.0,NBC,9.0,0.41,1.7,-
4,Sat 09/26,7:45 PM,2026-09-26T19:45:00-04:00,Mississippi State,Missouri,0,55.0,58.5,58.0,-3.0,UNDER,-6.0,,58.5,24.0,19.0,SEC Network,9.0,0.38,3.0,LEAN
4,Sat 09/26,8:00 PM,2026-09-26T20:00:00-04:00,Arkansas,Tulsa,0,49.2,50.5,53.0,-3.8,UNDER,-7.0,,50.75,,,SECN+,9.0,0.38,3.8,LEAN
4,Sat 09/26,8:00 PM,2026-09-26T20:00:00-04:00,UL Monroe,Florida Atlantic,0,60.5,,57.0,3.5,OVER,,,58.5,,,ESPN+,,0.38,3.5,LEAN
4,Sat 09/26,9:00 PM,2026-09-26T21:00:00-04:00,SMU,Missouri State,0,62.3,59.5,58.0,4.3,OVER,-34.5,,59.75,22.0,,ACC Network,9.0,0.38,4.3,LEAN
4,Sat 09/26,9:00 PM,2026-09-26T21:00:00-04:00,Sacramento State,Massachusetts,0,44.4,,48.5,-4.1,UNDER,,,48.5,,,ESPN+,,0.41,4.1,LEAN
4,Sat 09/26,9:00 PM,2026-09-26T21:00:00-04:00,UTEP,Oregon State,0,51.8,56.0,54.0,-2.2,UNDER,11.0,,55.75,,,MW+,9.0,0.38,2.2,-
4,Sat 09/26,10:00 PM,2026-09-26T22:00:00-04:00,Fresno State,Rice,0,46.5,44.5,44.5,2.0,OVER,-13.5,,44.25,,,CW,9.0,0.38,2.0,-
4,Sat 09/26,10:30 PM,2026-09-26T22:30:00-04:00,Stanford,Georgia Tech,0,49.9,48.5,48.0,1.9,OVER,3.5,,48.5,,,ESPN,9.0,0.38,1.9,-
4,Sat 09/26,10:30 PM,2026-09-26T22:30:00-04:00,Nevada,Air Force,0,48.9,50.5,49.0,-0.1,UNDER,5.5,,50.5,,,FS1,9.0,0.33,0.1,-
4,Sat 09/26,11:00 PM,2026-09-26T23:00:00-04:00,Washington,Minnesota,0,46.1,46.0,45.0,1.1,OVER,-10.0,,45.75,,,FOX,9.0,0.38,1.1,-
5,Thu 10/01,8:00 PM,2026-10-01T20:00:00-04:00,New Mexico State,Western Kentucky,0,55.7,,,,,,,,,,CBSSN,,0.38,,-
5,Thu 10/01,9:00 PM,2026-10-01T21:00:00-04:00,Tulsa,North Texas,0,55.3,,,,,,,,,,ESPN,,0.38,,-
5,Fri 10/02,7:00 PM,2026-10-02T19:00:00-04:00,Virginia Tech,Pittsburgh,0,52.7,56.5,56.5,-3.8,UNDER,-5.8,,56.5,,,ESPN,2.0,0.38,3.8,LEAN
5,Fri 10/02,7:00 PM,2026-10-02T19:00:00-04:00,Delaware,Liberty,0,56.8,,,,,,,,,,CBSSN,,0.41,,-
5,Fri 10/02,8:00 PM,2026-10-02T20:00:00-04:00,Northwestern,Penn State,0,51.4,48.5,48.5,2.9,OVER,6.8,,48.5,,13.0,FOX,2.0,0.33,2.9,-
5,Sat 10/03,12:00 AM,2026-10-03T00:00:00-04:00,Georgia,Vanderbilt,0,51.2,57.5,57.5,-6.3,UNDER,-23.5,,57.5,2.0,,,1.0,0.38,6.3,STRONG
5,Sat 10/03,12:00 AM,2026-10-03T00:00:00-04:00,Clemson,Miami,0,51.1,51.0,55.5,-4.4,UNDER,17.5,,50.5,,6.0,,2.0,0.38,4.4,LEAN
5,Sat 10/03,12:00 AM,2026-10-03T00:00:00-04:00,North Carolina,Notre Dame,0,45.2,49.5,49.5,-4.3,UNDER,20.5,,49.5,,3.0,,1.0,0.38,4.3,LEAN
5,Sat 10/03,12:00 AM,2026-10-03T00:00:00-04:00,Mississippi State,Alabama,0,57.8,59.5,58.5,-0.7,UNDER,3.5,,58.5,24.0,8.0,,2.0,0.38,0.7,-
5,Sat 10/03,12:00 PM,2026-10-03T12:00:00-04:00,Minnesota,Michigan,0,46.9,43.5,44.5,2.4,OVER,7.5,,43.5,,18.0,FOX,2.0,0.38,2.4,-
5,Sat 10/03,12:00 PM,2026-10-03T12:00:00-04:00,Air Force,Navy,0,47.5,,,,,,,,,,CBS,,0.29,,-
5,Sat 10/03,12:00 PM,2026-10-03T12:00:00-04:00,Wake Forest,Stanford,0,47.3,,,,,,,,,,ACC Network,,0.38,,-
5,Sat 10/03,12:00 PM,2026-10-03T12:00:00-04:00,SMU,Boston College,0,58.1,,,,,,,,22.0,,CW,,0.38,,-
5,Sat 10/03,12:00 PM,2026-10-03T12:00:00-04:00,Houston,UCF,0,51.0,,,,,,,,25.0,,ESPN2,,0.38,,-
5,Sat 10/03,12:00 PM,2026-10-03T12:00:00-04:00,Iowa State,West Virginia,0,48.2,,,,,,,,,,TNT,,0.38,,-
5,Sat 10/03,12:00 PM,2026-10-03T12:00:00-04:00,Kansas,Middle Tennessee,0,54.4,,,,,,,,,,ESPNU,,0.38,,-
5,Sat 10/03,12:00 PM,2026-10-03T12:00:00-04:00,UConn,Syracuse,0,53.2,,,,,,,,,,CBSSN,,0.38,,-
5,Sat 10/03,12:30 PM,2026-10-03T12:30:00-04:00,Wisconsin,Michigan State,0,48.9,,,,,,,,,,BTN,,0.38,,-
5,Sat 10/03,1:00 PM,2026-10-03T13:00:00-04:00,Buffalo,Western Michigan,0,50.4,,,,,,,,,,ESPN+,,0.38,,-
5,Sat 10/03,2:00 PM,2026-10-03T14:00:00-04:00,Ball State,Toledo,0,52.6,,,,,,,,,,ESPN+,,0.38,,-
5,Sat 10/03,3:30 PM,2026-10-03T15:30:00-04:00,Tennessee,Auburn,0,52.8,58.0,57.5,-4.7,UNDER,-8.0,,57.5,14.0,,,2.0,0.38,4.7,LEAN
5,Sat 10/03,3:30 PM,2026-10-03T15:30:00-04:00,Iowa,Ohio State,0,48.6,44.0,44.5,4.1,OVER,14.2,,44.5,17.0,7.0,CBS,2.0,0.38,4.1,LEAN
5,Sat 10/03,3:30 PM,2026-10-03T15:30:00-04:00,NC State,Louisville,0,62.7,59.5,59.5,3.2,OVER,7.5,,59.5,,16.0,,1.0,0.38,3.2,LEAN
5,Sat 10/03,3:30 PM,2026-10-03T15:30:00-04:00,Missouri,Florida,0,51.8,54.0,53.5,-1.7,UNDER,2.8,,53.5,19.0,21.0,,2.0,0.38,1.7,-
5,Sat 10/03,3:30 PM,2026-10-03T15:30:00-04:00,Florida State,Virginia,0,51.9,,,,,,,,,,,,0.38,,-
5,Sat 10/03,3:30 PM,2026-10-03T15:30:00-04:00,Massachusetts,Eastern Michigan,0,44.3,,,,,,,,,,ESPN+,,0.41,,-
5,Sat 10/03,3:30 PM,2026-10-03T15:30:00-04:00,Central Michigan,Akron,0,56.9,,,,,,,,,,ESPN+,,0.38,,-
5,Sat 10/03,3:30 PM,2026-10-03T15:30:00-04:00,UNLV,California,0,54.9,,,,,,,,,,CBSSN,,0.38,,-
5,Sat 10/03,3:30 PM,2026-10-03T15:30:00-04:00,Georgia State,Old Dominion,0,53.6,,,,,,,,,,ESPN+,,0.38,,-
5,Sat 10/03,3:30 PM,2026-10-03T15:30:00-04:00,Miami (OH),Bowling Green,0,51.8,,,,,,,,,,ESPN+,,0.38,,-
5,Sat 10/03,3:30 PM,2026-10-03T15:30:00-04:00,Charlotte,Memphis,0,54.6,,,,,,,,,,ESPN+,,0.41,,-
5,Sat 10/03,3:30 PM,2026-10-03T15:30:00-04:00,North Dakota State,Wyoming,0,49.8,,,,,,,,,,CW,,0.41,,-
5,Sat 10/03,3:30 PM,2026-10-03T15:30:00-04:00,Kent State,Ohio,0,52.9,,,,,,,,,,ESPN+,,0.38,,-
5,Sat 10/03,3:45 PM,2026-10-03T15:45:00-04:00,James Madison,Marshall,0,58.0,,,,,,,,,,ESPNU,,0.38,,-
5,Sat 10/03,4:00 PM,2026-10-03T16:00:00-04:00,New Mexico,UTEP,0,46.2,,,,,,,,,,MW+,,0.38,,-
5,Sat 10/03,4:00 PM,2026-10-03T16:00:00-04:00,Nebraska,Maryland,0,50.3,,,,,,,,,,FS1,,0.38,,-
5,Sat 10/03,4:15 PM,2026-10-03T16:15:00-04:00,South Carolina,Kentucky,0,51.1,49.5,49.5,1.6,OVER,-6.0,,49.5,,,SEC Network,1.0,0.38,1.6,-
5,Sat 10/03,4:15 PM,2026-10-03T16:15:00-04:00,Illinois,Purdue,0,65.9,,,,,,,,,,BTN,,0.38,,-
5,Sat 10/03,6:00 PM,2026-10-03T18:00:00-04:00,Colorado State,Oregon State,0,63.7,,,,,,,,,,USA Net,,0.38,,-
5,Sat 10/03,7:00 PM,2026-10-03T19:00:00-04:00,TCU,BYU,0,52.6,52.5,52.5,0.1,OVER,5.5,,52.5,,9.0,,1.0,0.38,0.1,-
5,Sat 10/03,7:00 PM,2026-10-03T19:00:00-04:00,Texas A&M,Arkansas,0,57.2,,,,,,,,23.0,,,,0.38,,-
5,Sat 10/03,7:00 PM,2026-10-03T19:00:00-04:00,Coastal Carolina,Georgia Southern,0,51.9,,,,,,,,,,ESPN+,,0.41,,-
5,Sat 10/03,7:00 PM,2026-10-03T19:00:00-04:00,Rice,UTSA,0,54.0,,,,,,,,,,ESPN+,,0.38,,-
5,Sat 10/03,7:00 PM,2026-10-03T19:00:00-04:00,South Alabama,UL Monroe,0,59.6,,,,,,,,,,ESPN+,,0.38,,-
5,Sat 10/03,7:30 PM,2026-10-03T19:30:00-04:00,USC,Washington,0,61.1,57.5,57.5,3.6,OVER,-10.0,,57.5,12.0,,NBC,1.0,0.41,3.6,LEAN
5,Sat 10/03,7:30 PM,2026-10-03T19:30:00-04:00,Boise State,Utah State,0,56.6,,,,,,,,,,CBSSN,,0.38,,-
5,Sat 10/03,7:30 PM,2026-10-03T19:30:00-04:00,Louisiana Tech,Army,0,52.6,,,,,,,,,,ESPN+,,0.33,,-
5,Sat 10/03,7:30 PM,2026-10-03T19:30:00-04:00,South Florida,Temple,0,61.0,,,,,,,,,,ESPNU,,0.38,,-
5,Sat 10/03,7:30 PM,2026-10-03T19:30:00-04:00,Colorado,Texas Tech,0,51.1,,,,,,,,,11.0,FOX,,0.38,,-
5,Sat 10/03,8:00 PM,2026-10-03T20:00:00-04:00,Rutgers,Indiana,0,53.7,,,,,,,,,5.0,BTN,,0.38,,-
5,Sat 10/03,8:00 PM,2026-10-03T20:00:00-04:00,Louisiana,Arkansas State,0,56.6,,,,,,,,,,ESPN+,,0.38,,-
5,Sat 10/03,9:30 PM,2026-10-03T21:30:00-04:00,Washington State,Fresno State,0,46.5,,,,,,,,,,USA Net,,0.38,,-
5,Sat 10/03,10:30 PM,2026-10-03T22:30:00-04:00,San Diego State,Texas State,0,52.3,,,,,,,,,,CW,,0.38,,-
5,Sat 10/03,10:30 PM,2026-10-03T22:30:00-04:00,Arizona State,Baylor,0,48.9,,,,,,,,,,ESPN,,0.38,,-
5,Sat 10/03,11:00 PM,2026-10-03T23:00:00-04:00,Arizona,Cincinnati,0,54.0,,,,,,,,,,FOX,,0.38,,-
5,Sat 10/03,11:59 PM,2026-10-03T23:59:00-04:00,Hawai'i,San José State,0,56.5,,,,,,,,,,MW+,,0.41,,-
6,Tue 10/06,8:00 PM,2026-10-06T20:00:00-04:00,Troy,Southern Miss,0,50.8,,,,,,,,,,ESPN2,,0.38,,-
6,Wed 10/07,7:00 PM,2026-10-07T19:00:00-04:00,Kennesaw State,Jacksonville State,0,51.3,,,,,,,,,,CBSSN,,0.41,,-
6,Wed 10/07,7:30 PM,2026-10-07T19:30:00-04:00,Florida International,New Mexico State,0,51.8,,,,,,,,,,ESPN2,,0.38,,-
6,Thu 10/08,7:00 PM,2026-10-08T19:00:00-04:00,Liberty,Sam Houston,0,54.5,,,,,,,,,,ESPNU,,0.41,,-
6,Thu 10/08,7:00 PM,2026-10-08T19:00:00-04:00,Western Kentucky,Missouri State,0,59.6,,,,,,,,,,CBSSN,,0.38,,-
6,Thu 10/08,7:30 PM,2026-10-08T19:30:00-04:00,Arkansas State,South Alabama,0,62.8,,,,,,,,,,,,0.38,,-
6,Thu 10/08,7:30 PM,2026-10-08T19:30:00-04:00,UTSA,South Florida,0,58.6,,,,,,,,,,,,0.38,,-
6,Fri 10/09,7:00 PM,2026-10-09T19:00:00-04:00,Louisville,Florida State,0,60.7,,,,,,,,16.0,,ESPN,,0.38,,-
6,Fri 10/09,9:00 PM,2026-10-09T21:00:00-04:00,Washington,Iowa,0,49.7,,,,,,,,,17.0,,,0.38,,-
6,Fri 10/09,9:00 PM,2026-10-09T21:00:00-04:00,Utah State,Washington State,0,48.9,,,,,,,,,,CW,,0.38,,-
6,Fri 10/09,9:00 PM,2026-10-09T21:00:00-04:00,San José State,Wyoming,0,47.5,,,,,,,,,,CBSSN,,0.41,,-
6,Fri 10/09,10:15 PM,2026-10-09T22:15:00-04:00,BYU,Iowa State,0,47.9,,,,,,,,9.0,,ESPN,,0.38,,-
6,Sat 10/10,12:00 AM,2026-10-10T00:00:00-04:00,Temple,UConn,0,56.9,,,,,,,,,,,,0.38,,-
6,Sat 10/10,12:00 AM,2026-10-10T00:00:00-04:00,California,Virginia Tech,0,60.9,,,,,,,,,,,,0.38,,-
6,Sat 10/10,12:00 AM,2026-10-10T00:00:00-04:00,Virginia,Syracuse,0,52.0,,,,,,,,,,,,0.38,,-
6,Sat 10/10,12:00 AM,2026-10-10T00:00:00-04:00,West Virginia,Arizona,0,51.3,,,,,,,,,,,,0.38,,-
6,Sat 10/10,12:00 AM,2026-10-10T00:00:00-04:00,UTEP,Nevada,0,49.0,,,,,,,,,,,,0.38,,-
6,Sat 10/10,12:00 AM,2026-10-10T00:00:00-04:00,Ohio,Central Michigan,0,49.9,,,,,,,,,,,,0.38,,-
6,Sat 10/10,12:00 AM,2026-10-10T00:00:00-04:00,Kansas State,Houston,0,54.0,,,,,,,,,25.0,,,0.38,,-
6,Sat 10/10,12:00 AM,2026-10-10T00:00:00-04:00,Oklahoma State,UCF,0,48.0,,,,,,,,,,,,0.38,,-
6,Sat 10/10,12:00 AM,2026-10-10T00:00:00-04:00,Utah,Kansas,0,57.3,,,,,,,,15.0,,,,0.38,,-
6,Sat 10/10,12:00 AM,2026-10-10T00:00:00-04:00,Pittsburgh,North Carolina,0,47.9,,,,,,,,,,,,0.38,,-
6,Sat 10/10,12:00 AM,2026-10-10T00:00:00-04:00,Arizona State,Hawai'i,0,53.3,,,,,,,,,,,,0.38,,-
6,Sat 10/10,12:00 AM,2026-10-10T00:00:00-04:00,NC State,Wake Forest,0,56.7,,,,,,,,,,,,0.38,,-
6,Sat 10/10,12:00 AM,2026-10-10T00:00:00-04:00,Nebraska,Indiana,0,52.5,,,,,,,,,5.0,,,0.38,,-
6,Sat 10/10,12:00 AM,2026-10-10T00:00:00-04:00,Bowling Green,Sacramento State,0,53.1,,,,,,,,,,,,0.41,,-
6,Sat 10/10,12:00 AM,2026-10-10T00:00:00-04:00,Ohio State,Maryland,0,52.9,,,,,,,,7.0,,,,0.38,,-
6,Sat 10/10,12:00 AM,2026-10-10T00:00:00-04:00,Oregon,UCLA,0,52.8,,,,,,,,20.0,,,,0.38,,-
6,Sat 10/10,12:00 AM,2026-10-10T00:00:00-04:00,East Carolina,Rice,0,47.8,,,,,,,,,,,,0.38,,-
6,Sat 10/10,12:00 AM,2026-10-10T00:00:00-04:00,Memphis,UAB,0,59.4,,,,,,,,,,,,0.41,,-
6,Sat 10/10,12:00 AM,2026-10-10T00:00:00-04:00,Western Michigan,Kent State,0,50.4,,,,,,,,,,,,0.38,,-
6,Sat 10/10,12:00 AM,2026-10-10T00:00:00-04:00,Penn State,USC,0,56.8,,,,,,,,13.0,12.0,,,0.41,,-
6,Sat 10/10,12:00 AM,2026-10-10T00:00:00-04:00,App State,Old Dominion,0,49.9,,,,,,,,,,,,0.38,,-
6,Sat 10/10,12:00 AM,2026-10-10T00:00:00-04:00,Louisiana Tech,Louisiana,0,57.6,,,,,,,,,,,,0.38,,-
6,Sat 10/10,12:00 AM,2026-10-10T00:00:00-04:00,Toledo,Buffalo,0,54.7,,,,,,,,,,,,0.38,,-
6,Sat 10/10,12:00 AM,2026-10-10T00:00:00-04:00,Georgia Southern,James Madison,0,54.5,,,,,,,,,,,,0.38,,-
6,Sat 10/10,12:00 AM,2026-10-10T00:00:00-04:00,Purdue,Minnesota,0,51.9,,,,,,,,,,,,0.38,,-
6,Sat 10/10,12:00 AM,2026-10-10T00:00:00-04:00,North Texas,Charlotte,0,64.6,,,,,,,,,,,,0.38,,-
6,Sat 10/10,12:00 AM,2026-10-10T00:00:00-04:00,Massachusetts,Miami (OH),0,46.2,,,,,,,,,,,,0.38,,-
6,Sat 10/10,12:00 AM,2026-10-10T00:00:00-04:00,Alabama,Georgia,0,56.9,,,,,,,,8.0,2.0,,,0.38,,-
6,Sat 10/10,12:00 AM,2026-10-10T00:00:00-04:00,Arkansas,Tennessee,0,55.1,,,,,,,,,14.0,,,0.38,,-
6,Sat 10/10,12:00 AM,2026-10-10T00:00:00-04:00,Florida,South Carolina,0,52.6,,,,,,,,21.0,,,,0.38,,-
6,Sat 10/10,12:00 AM,2026-10-10T00:00:00-04:00,Kentucky,LSU,0,47.7,,,,,,,,,10.0,,,0.38,,-
6,Sat 10/10,12:00 AM,2026-10-10T00:00:00-04:00,Missouri,Texas A&M,0,51.7,,,,,,,,19.0,23.0,,,0.38,,-
6,Sat 10/10,12:00 AM,2026-10-10T00:00:00-04:00,Vanderbilt,Ole Miss,0,51.8,,,,,,,,,4.0,,,0.38,,-
6,Sat 10/10,12:00 AM,2026-10-10T00:00:00-04:00,Michigan State,Illinois,0,53.8,,,,,,,,,,,,0.38,,-
6,Sat 10/10,12:00 AM,2026-10-10T00:00:00-04:00,Georgia Tech,Duke,0,47.5,,,,,,,,,,,,0.38,,-
6,Sat 10/10,12:00 AM,2026-10-10T00:00:00-04:00,Northwestern,Ball State,0,52.1,,,,,,,,,,,,0.33,,-
6,Sat 10/10,12:00 AM,2026-10-10T00:00:00-04:00,Marshall,Coastal Carolina,0,55.3,,,,,,,,,,,,0.41,,-
6,Sat 10/10,12:00 PM,2026-10-10T12:00:00-04:00,Army,Tulane,0,48.7,,,,,,,,,,CBSSN,,0.33,,-
6,Sat 10/10,3:30 PM,2026-10-10T15:30:00-04:00,Navy,Tulsa,0,53.9,,,,,,,,,,CBSSN,,0.33,,-
6,Sat 10/10,3:30 PM,2026-10-10T15:30:00-04:00,Akron,Eastern Michigan,0,52.4,,,,,,,,,,,,0.41,,-
6,Sat 10/10,3:30 PM,2026-10-10T15:30:00-04:00,Oklahoma,Texas,1,46.7,,,,,,,,,1.0,,,0.38,,-
6,Sat 10/10,3:30 PM,2026-10-10T15:30:00-04:00,Notre Dame,Stanford,0,52.5,,,,,,,,3.0,,NBC,,0.38,,-
6,Sat 10/10,6:00 PM,2026-10-10T18:00:00-04:00,Oregon State,San Diego State,0,50.6,,,,,,,,,,USA Net,,0.38,,-
6,Sat 10/10,7:00 PM,2026-10-10T19:00:00-04:00,UNLV,North Dakota State,0,50.8,,,,,,,,,,CW,,0.41,,-
6,Sat 10/10,7:30 PM,2026-10-10T19:30:00-04:00,Northern Illinois,Air Force,0,49.7,,,,,,,,,,CBSSN,,0.33,,-
6,Sat 10/10,10:30 PM,2026-10-10T22:30:00-04:00,Fresno State,Boise State,0,49.9,,,,,,,,,,CW,,0.38,,-
7,Tue 10/13,7:00 PM,2026-10-13T19:00:00-04:00,Middle Tennessee,Delaware,0,56.9,,,,,,,,,,CBSSN,,0.38,,-
7,Tue 10/13,8:00 PM,2026-10-13T20:00:00-04:00,Jacksonville State,Florida International,0,50.5,,,,,,,,,,ESPNU,,0.41,,-
7,Wed 10/14,7:30 PM,2026-10-14T19:30:00-04:00,Missouri State,Kennesaw State,0,52.9,,,,,,,,,,CBSSN,,0.38,,-
7,Wed 10/14,8:00 PM,2026-10-14T20:00:00-04:00,Sam Houston,Western Kentucky,0,58.8,,,,,,,,,,ESPN2,,0.38,,-
7,Thu 10/15,7:30 PM,2026-10-15T19:30:00-04:00,Old Dominion,Georgia Southern,0,47.9,,,,,,,,,,,,0.38,,-
7,Thu 10/15,7:30 PM,2026-10-15T19:30:00-04:00,UAB,East Carolina,0,50.3,,,,,,,,,,,,0.38,,-
7,Thu 10/15,8:00 PM,2026-10-15T20:00:00-04:00,Texas State,Colorado State,0,65.5,,,,,,,,,,CBSSN,,0.38,,-
7,Fri 10/16,7:30 PM,2026-10-16T19:30:00-04:00,Tulane,Memphis,0,56.0,,,,,,,,,,ESPN,,0.41,,-
7,Fri 10/16,8:00 PM,2026-10-16T20:00:00-04:00,Purdue,Washington,0,60.8,,,,,,,,,,FOX,,0.38,,-
7,Fri 10/16,8:00 PM,2026-10-16T20:00:00-04:00,Coastal Carolina,App State,0,54.3,,,,,,,,,,ESPN2,,0.41,,-
7,Sat 10/17,12:00 AM,2026-10-17T00:00:00-04:00,UCLA,Wisconsin,0,50.1,,,,,,,,,,,,0.38,,-
7,Sat 10/17,12:00 AM,2026-10-17T00:00:00-04:00,Maryland,Rutgers,0,58.2,,,,,,,,,,,,0.38,,-
7,Sat 10/17,12:00 AM,2026-10-17T00:00:00-04:00,BYU,Notre Dame,0,48.6,,,,,,,,9.0,3.0,,,0.38,,-
7,Sat 10/17,12:00 AM,2026-10-17T00:00:00-04:00,Vanderbilt,Arkansas,0,53.4,,,,,,,,,,,,0.38,,-
7,Sat 10/17,12:00 AM,2026-10-17T00:00:00-04:00,Michigan State,Northwestern,0,52.9,,,,,,,,,,,,0.33,,-
7,Sat 10/17,12:00 AM,2026-10-17T00:00:00-04:00,Temple,Charlotte,0,57.0,,,,,,,,,,,,0.38,,-
7,Sat 10/17,12:00 AM,2026-10-17T00:00:00-04:00,Rice,Tulsa,0,49.3,,,,,,,,,,,,0.38,,-
7,Sat 10/17,12:00 AM,2026-10-17T00:00:00-04:00,Houston,Oklahoma State,0,58.7,,,,,,,,25.0,,,,0.38,,-
7,Sat 10/17,12:00 AM,2026-10-17T00:00:00-04:00,Kansas State,Kansas,0,51.0,,,,,,,,,,,,0.38,,-
7,Sat 10/17,12:00 AM,2026-10-17T00:00:00-04:00,Ole Miss,Missouri,0,55.1,,,,,,,,4.0,19.0,,,0.38,,-
7,Sat 10/17,12:00 AM,2026-10-17T00:00:00-04:00,Hawai'i,New Mexico,0,50.1,,,,,,,,,,,,0.38,,-
7,Sat 10/17,12:00 AM,2026-10-17T00:00:00-04:00,Bowling Green,Ball State,0,52.6,,,,,,,,,,,,0.38,,-
7,Sat 10/17,12:00 AM,2026-10-17T00:00:00-04:00,Miami (OH),Akron,0,56.7,,,,,,,,,,,,0.38,,-
7,Sat 10/17,12:00 AM,2026-10-17T00:00:00-04:00,Baylor,TCU,0,49.9,,,,,,,,,,,,0.38,,-
7,Sat 10/17,12:00 AM,2026-10-17T00:00:00-04:00,Louisiana,Troy,0,50.8,,,,,,,,,,,,0.38,,-
7,Sat 10/17,12:00 AM,2026-10-17T00:00:00-04:00,Southern Miss,Arkansas State,0,60.4,,,,,,,,,,,,0.38,,-
7,Sat 10/17,12:00 AM,2026-10-17T00:00:00-04:00,LSU,Mississippi State,0,51.0,,,,,,,,10.0,24.0,,,0.38,,-
7,Sat 10/17,12:00 AM,2026-10-17T00:00:00-04:00,California,Wake Forest,0,55.4,,,,,,,,,,,,0.38,,-
7,Sat 10/17,12:00 AM,2026-10-17T00:00:00-04:00,UL Monroe,Louisiana Tech,0,54.1,,,,,,,,,,,,0.38,,-
7,Sat 10/17,12:00 AM,2026-10-17T00:00:00-04:00,Oregon,Nebraska,0,54.3,,,,,,,,20.0,,,,0.38,,-
7,Sat 10/17,12:00 AM,2026-10-17T00:00:00-04:00,West Virginia,Cincinnati,0,54.3,,,,,,,,,,,,0.38,,-
7,Sat 10/17,12:00 AM,2026-10-17T00:00:00-04:00,Syracuse,Louisville,0,54.4,,,,,,,,,16.0,,,0.38,,-
7,Sat 10/17,12:00 AM,2026-10-17T00:00:00-04:00,Duke,North Carolina,0,44.0,,,,,,,,,,,,0.38,,-
7,Sat 10/17,12:00 AM,2026-10-17T00:00:00-04:00,Texas Tech,Arizona State,0,51.6,,,,,,,,11.0,,,,0.38,,-
7,Sat 10/17,12:00 AM,2026-10-17T00:00:00-04:00,South Florida,Kent State,0,57.4,,,,,,,,,,,,0.38,,-
7,Sat 10/17,12:00 AM,2026-10-17T00:00:00-04:00,Sacramento State,Ohio,0,54.8,,,,,,,,,,,,0.41,,-
7,Sat 10/17,12:00 AM,2026-10-17T00:00:00-04:00,Georgia,Auburn,0,53.3,,,,,,,,2.0,,,,0.38,,-
7,Sat 10/17,12:00 AM,2026-10-17T00:00:00-04:00,Oklahoma,Kentucky,0,48.1,,,,,,,,,,,,0.38,,-
7,Sat 10/17,12:00 AM,2026-10-17T00:00:00-04:00,Tennessee,Alabama,0,55.2,,,,,,,,14.0,8.0,,,0.38,,-
7,Sat 10/17,12:00 AM,2026-10-17T00:00:00-04:00,Texas,Florida,0,52.7,,,,,,,,1.0,21.0,,,0.38,,-
7,Sat 10/17,12:00 AM,2026-10-17T00:00:00-04:00,James Madison,Georgia State,0,63.7,,,,,,,,,,,,0.38,,-
7,Sat 10/17,12:00 AM,2026-10-17T00:00:00-04:00,Central Michigan,Western Michigan,0,47.8,,,,,,,,,,,,0.38,,-
7,Sat 10/17,12:00 AM,2026-10-17T00:00:00-04:00,Eastern Michigan,Toledo,0,50.7,,,,,,,,,,,,0.41,,-
7,Sat 10/17,12:00 AM,2026-10-17T00:00:00-04:00,Buffalo,Massachusetts,0,44.7,,,,,,,,,,,,0.38,,-
7,Sat 10/17,12:00 AM,2026-10-17T00:00:00-04:00,UTSA,Navy,0,57.6,,,,,,,,,,,,0.33,,-
7,Sat 10/17,12:00 AM,2026-10-17T00:00:00-04:00,Michigan,Penn State,0,45.7,,,,,,,,18.0,13.0,,,0.38,,-
7,Sat 10/17,12:00 AM,2026-10-17T00:00:00-04:00,Indiana,Ohio State,0,47.1,,,,,,,,5.0,7.0,,,0.38,,-
7,Sat 10/17,12:00 AM,2026-10-17T00:00:00-04:00,SMU,Virginia,0,55.3,,,,,,,,22.0,,,,0.38,,-
7,Sat 10/17,12:00 AM,2026-10-17T00:00:00-04:00,Boston College,Pittsburgh,0,50.4,,,,,,,,,,,,0.38,,-
7,Sat 10/17,12:00 AM,2026-10-17T00:00:00-04:00,Virginia Tech,Georgia Tech,0,56.8,,,,,,,,,,,,0.38,,-
7,Sat 10/17,12:00 AM,2026-10-17T00:00:00-04:00,Miami,Florida State,0,56.5,,,,,,,,6.0,,,,0.38,,-
7,Sat 10/17,12:00 AM,2026-10-17T00:00:00-04:00,Colorado,Utah,0,53.6,,,,,,,,,15.0,,,0.38,,-
7,Sat 10/17,12:00 PM,2026-10-17T12:00:00-04:00,Army,Florida Atlantic,0,56.2,,,,,,,,,,CBSSN,,0.33,,-
7,Sat 10/17,3:30 PM,2026-10-17T15:30:00-04:00,Wyoming,Northern Illinois,0,45.3,,,,,,,,,,CW,,0.38,,-
7,Sat 10/17,3:30 PM,2026-10-17T15:30:00-04:00,Air Force,UNLV,0,52.2,,,,,,,,,,CBSSN,,0.33,,-
7,Sat 10/17,6:00 PM,2026-10-17T18:00:00-04:00,Oregon State,Washington State,0,52.1,,,,,,,,,,USA Net,,0.38,,-
7,Sat 10/17,7:00 PM,2026-10-17T19:00:00-04:00,North Dakota State,Nevada,0,48.0,,,,,,,,,,CBSSN,,0.41,,-
7,Sat 10/17,9:00 PM,2026-10-17T21:00:00-04:00,UTEP,San José State,0,51.3,,,,,,,,,,MW+,,0.41,,-
7,Sat 10/17,10:30 PM,2026-10-17T22:30:00-04:00,San Diego State,Fresno State,0,46.0,,,,,,,,,,CBSSN,,0.38,,-
8,Tue 10/20,7:00 PM,2026-10-20T19:00:00-04:00,Delaware,Missouri State,0,55.4,,,,,,,,,,ESPNU,,0.38,,-
8,Tue 10/20,7:00 PM,2026-10-20T19:00:00-04:00,Florida International,Middle Tennessee,0,50.2,,,,,,,,,,CBSSN,,0.38,,-
8,Tue 10/20,7:30 PM,2026-10-20T19:30:00-04:00,Marshall,South Alabama,0,59.3,,,,,,,,,,ESPN2,,0.38,,-
8,Wed 10/21,8:00 PM,2026-10-21T20:00:00-04:00,Sam Houston,New Mexico State,0,53.5,,,,,,,,,,ESPN2,,0.38,,-
8,Thu 10/22,7:00 PM,2026-10-22T19:00:00-04:00,App State,James Madison,0,56.2,,,,,,,,,,ESPNU,,0.38,,-
8,Thu 10/22,7:00 PM,2026-10-22T19:00:00-04:00,Kennesaw State,Liberty,0,52.0,,,,,,,,,,CBSSN,,0.41,,-
8,Thu 10/22,7:30 PM,2026-10-22T19:30:00-04:00,Memphis,East Carolina,0,56.9,,,,,,,,,,ESPN2,,0.41,,-
8,Fri 10/23,7:00 PM,2026-10-23T19:00:00-04:00,UConn,Massachusetts,0,48.1,,,,,,,,,,CBSSN,,0.38,,-
8,Fri 10/23,7:00 PM,2026-10-23T19:00:00-04:00,Virginia,Duke,0,43.5,,,,,,,,,,ESPN,,0.38,,-
8,Fri 10/23,8:30 PM,2026-10-23T20:30:00-04:00,Tulsa,Army,0,47.7,,,,,,,,,,ESPN2,,0.33,,-
8,Fri 10/23,9:00 PM,2026-10-23T21:00:00-04:00,Wyoming,Air Force,0,50.5,,,,,,,,,,CW,,0.33,,-
8,Fri 10/23,10:30 PM,2026-10-23T22:30:00-04:00,Stanford,NC State,0,56.7,,,,,,,,,,ESPN,,0.38,,-
8,Sat 10/24,12:00 AM,2026-10-24T00:00:00-04:00,Mississippi State,Oklahoma,0,54.4,,,,,,,,24.0,,,,0.38,,-
8,Sat 10/24,12:00 AM,2026-10-24T00:00:00-04:00,UCLA,Michigan State,0,51.7,,,,,,,,,,,,0.38,,-
8,Sat 10/24,12:00 AM,2026-10-24T00:00:00-04:00,Illinois,Oregon,0,60.4,,,,,,,,,20.0,,,0.38,,-
8,Sat 10/24,12:00 AM,2026-10-24T00:00:00-04:00,Tulane,UTSA,0,53.7,,,,,,,,,,,,0.38,,-
8,Sat 10/24,12:00 AM,2026-10-24T00:00:00-04:00,Louisiana Tech,Old Dominion,0,52.6,,,,,,,,,,,,0.38,,-
8,Sat 10/24,12:00 AM,2026-10-24T00:00:00-04:00,Oklahoma State,Colorado,0,53.3,,,,,,,,,,,,0.38,,-
8,Sat 10/24,12:00 AM,2026-10-24T00:00:00-04:00,Toledo,Western Michigan,0,48.8,,,,,,,,,,,,0.38,,-
8,Sat 10/24,12:00 AM,2026-10-24T00:00:00-04:00,South Carolina,Tennessee,0,53.8,,,,,,,,,14.0,,,0.38,,-
8,Sat 10/24,12:00 AM,2026-10-24T00:00:00-04:00,Kentucky,Vanderbilt,0,52.7,,,,,,,,,,,,0.38,,-
8,Sat 10/24,12:00 AM,2026-10-24T00:00:00-04:00,Alabama,Texas A&M,0,56.2,,,,,,,,8.0,23.0,,,0.38,,-
8,Sat 10/24,12:00 AM,2026-10-24T00:00:00-04:00,Kent State,Akron,0,55.6,,,,,,,,,,,,0.38,,-
8,Sat 10/24,12:00 AM,2026-10-24T00:00:00-04:00,Central Michigan,Miami (OH),0,48.5,,,,,,,,,,,,0.38,,-
8,Sat 10/24,12:00 AM,2026-10-24T00:00:00-04:00,Northern Illinois,Hawai'i,0,52.2,,,,,,,,,,MW+,,0.38,,-
8,Sat 10/24,12:00 AM,2026-10-24T00:00:00-04:00,Ball State,Sacramento State,0,54.4,,,,,,,,,,,,0.41,,-
8,Sat 10/24,12:00 AM,2026-10-24T00:00:00-04:00,Buffalo,Bowling Green,0,54.1,,,,,,,,,,,,0.38,,-
8,Sat 10/24,12:00 AM,2026-10-24T00:00:00-04:00,Michigan,Indiana,0,46.4,,,,,,,,18.0,5.0,,,0.38,,-
8,Sat 10/24,12:00 AM,2026-10-24T00:00:00-04:00,Minnesota,Iowa,0,44.7,,,,,,,,,17.0,,,0.38,,-
8,Sat 10/24,12:00 AM,2026-10-24T00:00:00-04:00,Northwestern,Rutgers,0,58.3,,,,,,,,,,,,0.33,,-
8,Sat 10/24,12:00 AM,2026-10-24T00:00:00-04:00,Wisconsin,USC,0,52.1,,,,,,,,,12.0,,,0.41,,-
8,Sat 10/24,12:00 AM,2026-10-24T00:00:00-04:00,SMU,California,0,62.8,,,,,,,,22.0,,,,0.38,,-
8,Sat 10/24,12:00 AM,2026-10-24T00:00:00-04:00,Florida Atlantic,Rice,0,53.7,,,,,,,,,,,,0.38,,-
8,Sat 10/24,12:00 AM,2026-10-24T00:00:00-04:00,Ohio,Eastern Michigan,0,48.6,,,,,,,,,,,,0.41,,-
8,Sat 10/24,12:00 AM,2026-10-24T00:00:00-04:00,Southern Miss,Louisiana,0,59.2,,,,,,,,,,,,0.38,,-
8,Sat 10/24,12:00 AM,2026-10-24T00:00:00-04:00,UCF,BYU,0,49.7,,,,,,,,,9.0,,,0.38,,-
8,Sat 10/24,12:00 AM,2026-10-24T00:00:00-04:00,Utah,Houston,0,60.3,,,,,,,,15.0,25.0,,,0.38,,-
8,Sat 10/24,12:00 AM,2026-10-24T00:00:00-04:00,Troy,UL Monroe,0,51.3,,,,,,,,,,,,0.38,,-
8,Sat 10/24,12:00 AM,2026-10-24T00:00:00-04:00,Arizona,Iowa State,0,51.2,,,,,,,,,,,,0.38,,-
8,Sat 10/24,12:00 AM,2026-10-24T00:00:00-04:00,Arizona State,Kansas State,0,49.7,,,,,,,,,,,,0.38,,-
8,Sat 10/24,12:00 AM,2026-10-24T00:00:00-04:00,Kansas,Baylor,0,52.4,,,,,,,,,,,,0.38,,-
8,Sat 10/24,12:00 AM,2026-10-24T00:00:00-04:00,Cincinnati,Texas Tech,0,54.8,,,,,,,,,11.0,,,0.38,,-
8,Sat 10/24,12:00 AM,2026-10-24T00:00:00-04:00,TCU,West Virginia,0,51.8,,,,,,,,,,,,0.38,,-
8,Sat 10/24,12:00 AM,2026-10-24T00:00:00-04:00,Georgia Tech,Boston College,0,47.8,,,,,,,,,,,,0.38,,-
8,Sat 10/24,12:00 AM,2026-10-24T00:00:00-04:00,Texas,Ole Miss,0,54.6,,,,,,,,1.0,4.0,,,0.38,,-
8,Sat 10/24,12:00 AM,2026-10-24T00:00:00-04:00,North Carolina,Syracuse,0,51.2,,,,,,,,,,,,0.38,,-
8,Sat 10/24,12:00 AM,2026-10-24T00:00:00-04:00,Clemson,Virginia Tech,0,52.4,,,,,,,,,,,,0.38,,-
8,Sat 10/24,12:00 AM,2026-10-24T00:00:00-04:00,Miami,Pittsburgh,0,51.7,,,,,,,,6.0,,,,0.38,,-
8,Sat 10/24,12:00 PM,2026-10-24T12:00:00-04:00,Auburn,LSU,0,46.6,,,,,,,,,10.0,,,0.38,,-
8,Sat 10/24,3:30 PM,2026-10-24T15:30:00-04:00,Navy,North Texas,0,56.5,,,,,,,,,,CBSSN,,0.33,,-
8,Sat 10/24,5:00 PM,2026-10-24T17:00:00-04:00,Nevada,San José State,0,50.4,,,,,,,,,,MW+,,0.41,,-
8,Sat 10/24,6:00 PM,2026-10-24T18:00:00-04:00,Washington State,Boise State,0,53.9,,,,,,,,,,USA Net,,0.38,,-
8,Sat 10/24,6:30 PM,2026-10-24T18:30:00-04:00,Colorado State,San Diego State,0,52.8,,,,,,,,,,CW,,0.38,,-
8,Sat 10/24,7:00 PM,2026-10-24T19:00:00-04:00,Arkansas State,Georgia State,0,66.0,,,,,,,,,,,,0.38,,-
8,Sat 10/24,7:30 PM,2026-10-24T19:30:00-04:00,Texas State,Utah State,0,58.0,,,,,,,,,,CBSSN,,0.38,,-
8,Sat 10/24,10:00 PM,2026-10-24T22:00:00-04:00,New Mexico,North Dakota State,0,44.3,,,,,,,,,,CW,,0.41,,-
9,Tue 10/27,7:00 PM,2026-10-27T19:00:00-04:00,Western Kentucky,Delaware,0,62.0,,,,,,,,,,CBSSN,,0.38,,-
9,Tue 10/27,8:00 PM,2026-10-27T20:00:00-04:00,Missouri State,Sam Houston,0,54.9,,,,,,,,,,ESPN2,,0.38,,-
9,Wed 10/28,7:00 PM,2026-10-28T19:00:00-04:00,Middle Tennessee,Kennesaw State,0,55.1,,,,,,,,,,CBSSN,,0.38,,-
9,Wed 10/28,8:00 PM,2026-10-28T20:00:00-04:00,New Mexico State,Jacksonville State,0,52.3,,,,,,,,,,ESPN2,,0.41,,-
9,Thu 10/29,7:30 PM,2026-10-29T19:30:00-04:00,James Madison,Troy,0,52.4,,,,,,,,,,,,0.38,,-
9,Thu 10/29,7:30 PM,2026-10-29T19:30:00-04:00,North Texas,Florida Atlantic,0,71.1,,,,,,,,,,,,0.38,,-
9,Fri 10/30,7:00 PM,2026-10-30T19:00:00-04:00,Charlotte,Tulane,0,49.9,,,,,,,,,,ESPN2,,0.38,,-
9,Fri 10/30,7:30 PM,2026-10-30T19:30:00-04:00,UCF,Baylor,0,50.4,,,,,,,,,,ESPN,,0.38,,-
9,Fri 10/30,10:30 PM,2026-10-30T22:30:00-04:00,Sacramento State,Kent State,0,52.8,,,,,,,,,,ESPN2,,0.41,,-
9,Sat 10/31,12:00 AM,2026-10-31T00:00:00-04:00,Oregon,Northwestern,0,55.1,,,,,,,,20.0,,,,0.33,,-
9,Sat 10/31,12:00 AM,2026-10-31T00:00:00-04:00,UCLA,Nevada,0,47.1,,,,,,,,,,,,0.38,,-
9,Sat 10/31,12:00 AM,2026-10-31T00:00:00-04:00,UL Monroe,Southern Miss,0,57.5,,,,,,,,,,,,0.38,,-
9,Sat 10/31,12:00 AM,2026-10-31T00:00:00-04:00,Old Dominion,Marshall,0,48.6,,,,,,,,,,,,0.38,,-
9,Sat 10/31,12:00 AM,2026-10-31T00:00:00-04:00,Georgia State,Coastal Carolina,0,61.5,,,,,,,,,,,,0.41,,-
9,Sat 10/31,12:00 AM,2026-10-31T00:00:00-04:00,Iowa State,Oklahoma State,0,49.9,,,,,,,,,,,,0.38,,-
9,Sat 10/31,12:00 AM,2026-10-31T00:00:00-04:00,Wake Forest,Virginia,0,45.4,,,,,,,,,,,,0.38,,-
9,Sat 10/31,12:00 AM,2026-10-31T00:00:00-04:00,South Alabama,Louisiana Tech,0,57.3,,,,,,,,,,,,0.38,,-
9,Sat 10/31,12:00 AM,2026-10-31T00:00:00-04:00,Louisville,Stanford,0,57.2,,,,,,,,16.0,,,,0.38,,-
9,Sat 10/31,12:00 AM,2026-10-31T00:00:00-04:00,San José State,New Mexico,0,50.4,,,,,,,,,,MW+,,0.41,,-
9,Sat 10/31,12:00 AM,2026-10-31T00:00:00-04:00,Penn State,Purdue,0,58.3,,,,,,,,13.0,,,,0.38,,-
9,Sat 10/31,12:00 AM,2026-10-31T00:00:00-04:00,TCU,Kansas,0,54.3,,,,,,,,,,,,0.38,,-
9,Sat 10/31,12:00 AM,2026-10-31T00:00:00-04:00,Maryland,Illinois,0,53.4,,,,,,,,,,,,0.38,,-
9,Sat 10/31,12:00 AM,2026-10-31T00:00:00-04:00,Pittsburgh,Georgia Tech,0,53.1,,,,,,,,,,,,0.38,,-
9,Sat 10/31,12:00 AM,2026-10-31T00:00:00-04:00,East Carolina,Temple,0,51.9,,,,,,,,,,,,0.38,,-
9,Sat 10/31,12:00 AM,2026-10-31T00:00:00-04:00,Florida State,Clemson,0,54.7,,,,,,,,,,,,0.38,,-
9,Sat 10/31,12:00 AM,2026-10-31T00:00:00-04:00,NC State,California,0,59.9,,,,,,,,,,,,0.38,,-
9,Sat 10/31,12:00 AM,2026-10-31T00:00:00-04:00,North Carolina,Miami,0,49.3,,,,,,,,,6.0,,,0.38,,-
9,Sat 10/31,12:00 AM,2026-10-31T00:00:00-04:00,Georgia Southern,App State,0,52.7,,,,,,,,,,,,0.38,,-
9,Sat 10/31,12:00 AM,2026-10-31T00:00:00-04:00,Indiana,Minnesota,0,45.0,,,,,,,,5.0,,,,0.38,,-
9,Sat 10/31,12:00 AM,2026-10-31T00:00:00-04:00,Duke,Boston College,0,49.6,,,,,,,,,,,,0.38,,-
9,Sat 10/31,12:00 AM,2026-10-31T00:00:00-04:00,Syracuse,SMU,0,53.9,,,,,,,,,22.0,,,0.38,,-
9,Sat 10/31,12:00 AM,2026-10-31T00:00:00-04:00,Cincinnati,Utah,0,59.5,,,,,,,,,15.0,,,0.38,,-
9,Sat 10/31,12:00 AM,2026-10-31T00:00:00-04:00,Colorado,Kansas State,0,50.7,,,,,,,,,,,,0.38,,-
9,Sat 10/31,12:00 AM,2026-10-31T00:00:00-04:00,Texas Tech,Arizona,0,52.7,,,,,,,,11.0,,,,0.38,,-
9,Sat 10/31,12:00 AM,2026-10-31T00:00:00-04:00,Oklahoma,South Carolina,0,47.6,,,,,,,,,,,,0.38,,-
9,Sat 10/31,12:00 AM,2026-10-31T00:00:00-04:00,Ole Miss,Auburn,0,57.8,,,,,,,,4.0,,,,0.38,,-
9,Sat 10/31,12:00 AM,2026-10-31T00:00:00-04:00,Arkansas,Missouri,0,51.8,,,,,,,,,19.0,,,0.38,,-
9,Sat 10/31,12:00 AM,2026-10-31T00:00:00-04:00,Texas,Mississippi State,0,54.5,,,,,,,,1.0,24.0,,,0.38,,-
9,Sat 10/31,12:00 AM,2026-10-31T00:00:00-04:00,South Florida,UAB,0,57.7,,,,,,,,,,,,0.38,,-
9,Sat 10/31,12:00 AM,2026-10-31T00:00:00-04:00,BYU,Arizona State,0,51.7,,,,,,,,9.0,,,,0.38,,-
9,Sat 10/31,12:00 AM,2026-10-31T00:00:00-04:00,Rutgers,Michigan,0,51.6,,,,,,,,,18.0,,,0.38,,-
9,Sat 10/31,12:00 AM,2026-10-31T00:00:00-04:00,Memphis,Army,0,57.4,,,,,,,,,,,,0.36,,-
9,Sat 10/31,12:00 AM,2026-10-31T00:00:00-04:00,Fresno State,Oregon State,0,49.3,,,,,,,,,,USA Net,,0.38,,-
9,Sat 10/31,12:00 AM,2026-10-31T00:00:00-04:00,USC,Ohio State,0,61.6,,,,,,,,12.0,7.0,,,0.41,,-
9,Sat 10/31,12:00 AM,2026-10-31T00:00:00-04:00,Nebraska,Washington,0,52.3,,,,,,,,,,,,0.38,,-
9,Sat 10/31,12:00 AM,2026-10-31T00:00:00-04:00,Iowa,Wisconsin,0,46.8,,,,,,,,17.0,,,,0.38,,-
9,Sat 10/31,12:00 PM,2026-10-31T12:00:00-04:00,Western Michigan,Bowling Green,0,49.6,,,,,,,,,,CBSSN,,0.38,,-
9,Sat 10/31,12:00 PM,2026-10-31T12:00:00-04:00,Navy,Notre Dame,1,50.3,,,,,,,,,3.0,,,0.33,,-
9,Sat 10/31,3:00 PM,2026-10-31T15:00:00-04:00,Air Force,UConn,0,49.7,,,,,,,,,,MW+,,0.33,,-
9,Sat 10/31,3:30 PM,2026-10-31T15:30:00-04:00,Georgia,Florida,1,53.8,,,,,,,,2.0,21.0,ABC,,0.38,,-
9,Sat 10/31,3:30 PM,2026-10-31T15:30:00-04:00,Liberty,Florida International,0,49.5,,,,,,,,,,CBSSN,,0.41,,-
9,Sat 10/31,3:30 PM,2026-10-31T15:30:00-04:00,North Dakota State,UTEP,0,50.8,,,,,,,,,,MW+,,0.41,,-
9,Sat 10/31,3:30 PM,2026-10-31T15:30:00-04:00,Utah State,Colorado State,0,54.7,,,,,,,,,,USA Net,,0.38,,-
9,Sat 10/31,7:00 PM,2026-10-31T19:00:00-04:00,San Diego State,Washington State,0,47.8,,,,,,,,,,CBSSN,,0.38,,-
9,Sat 10/31,10:00 PM,2026-10-31T22:00:00-04:00,Boise State,Texas State,0,62.1,,,,,,,,,,CW,,0.38,,-
9,Sat 10/31,10:30 PM,2026-10-31T22:30:00-04:00,UNLV,Northern Illinois,0,46.5,,,,,,,,,,CBSSN,,0.38,,-
10,Tue 11/03,7:00 PM,2026-11-03T19:00:00-05:00,Akron,Ohio,0,59.8,,,,,,,,,,,,0.38,,-
10,Tue 11/03,7:00 PM,2026-11-03T19:00:00-05:00,Miami (OH),Buffalo,0,53.7,,,,,,,,,,,,0.38,,-
10,Wed 11/04,12:00 AM,2026-11-04T00:00:00-05:00,Eastern Michigan,Central Michigan,1,46.6,,,,,,,,,,,,0.41,,-
10,Wed 11/04,12:00 AM,2026-11-04T00:00:00-05:00,Sacramento State,Toledo,0,52.6,,,,,,,,,,,,0.41,,-
10,Wed 11/04,12:00 AM,2026-11-04T00:00:00-05:00,Massachusetts,Ball State,0,48.6,,,,,,,,,,,,0.38,,-
10,Thu 11/05,8:00 PM,2026-11-05T20:00:00-05:00,Southern Miss,James Madison,0,58.4,,,,,,,,,,,,0.38,,-
10,Thu 11/05,8:00 PM,2026-11-05T20:00:00-05:00,Florida Atlantic,UTSA,0,62.5,,,,,,,,,,,,0.38,,-
10,Fri 11/06,7:00 PM,2026-11-06T19:00:00-05:00,SMU,Virginia Tech,0,62.5,,,,,,,,22.0,,ESPN,,0.38,,-
10,Fri 11/06,7:30 PM,2026-11-06T19:30:00-05:00,East Carolina,South Florida,0,51.8,,,,,,,,,,ESPN2,,0.38,,-
10,Fri 11/06,8:00 PM,2026-11-06T20:00:00-05:00,Illinois,Nebraska,0,57.7,,,,,,,,,,FOX,,0.38,,-
10,Fri 11/06,9:00 PM,2026-11-06T21:00:00-05:00,Nevada,New Mexico,0,46.3,,,,,,,,,,CBSSN,,0.38,,-
10,Fri 11/06,10:15 PM,2026-11-06T22:15:00-05:00,Arizona,TCU,0,50.0,,,,,,,,,,ESPN,,0.38,,-
10,Sat 11/07,12:00 AM,2026-11-07T00:00:00-05:00,Ole Miss,Georgia,0,59.1,,,,,,,,4.0,2.0,,,0.38,,-
10,Sat 11/07,12:00 AM,2026-11-07T00:00:00-05:00,Minnesota,UCLA,0,50.0,,,,,,,,,,,,0.38,,-
10,Sat 11/07,12:00 AM,2026-11-07T00:00:00-05:00,Arizona State,Colorado,0,48.2,,,,,,,,,,,,0.38,,-
10,Sat 11/07,12:00 AM,2026-11-07T00:00:00-05:00,Troy,Louisiana Tech,0,51.0,,,,,,,,,,,,0.38,,-
10,Sat 11/07,12:00 AM,2026-11-07T00:00:00-05:00,App State,Georgia State,0,60.1,,,,,,,,,,,,0.38,,-
10,Sat 11/07,12:00 AM,2026-11-07T00:00:00-05:00,Washington,Penn State,0,51.8,,,,,,,,,13.0,,,0.38,,-
10,Sat 11/07,12:00 AM,2026-11-07T00:00:00-05:00,UAB,Charlotte,0,52.3,,,,,,,,,,,,0.38,,-
10,Sat 11/07,12:00 AM,2026-11-07T00:00:00-05:00,Boston College,Florida State,0,55.5,,,,,,,,,,,,0.38,,-
10,Sat 11/07,12:00 AM,2026-11-07T00:00:00-05:00,Ohio State,Oregon,0,51.4,,,,,,,,7.0,20.0,,,0.38,,-
10,Sat 11/07,12:00 AM,2026-11-07T00:00:00-05:00,Northwestern,Iowa,0,50.1,,,,,,,,,17.0,,,0.33,,-
10,Sat 11/07,12:00 AM,2026-11-07T00:00:00-05:00,Tennessee,Kentucky,0,56.7,,,,,,,,14.0,,,,0.38,,-
10,Sat 11/07,12:00 AM,2026-11-07T00:00:00-05:00,Mississippi State,Vanderbilt,0,54.9,,,,,,,,24.0,,,,0.38,,-
10,Sat 11/07,12:00 AM,2026-11-07T00:00:00-05:00,UTEP,Hawai'i,0,53.6,,,,,,,,,,,,0.38,,-
10,Sat 11/07,12:00 AM,2026-11-07T00:00:00-05:00,Tulane,Tulsa,0,48.2,,,,,,,,,,,,0.38,,-
10,Sat 11/07,12:00 AM,2026-11-07T00:00:00-05:00,Florida,Oklahoma,0,53.4,,,,,,,,21.0,,,,0.38,,-
10,Sat 11/07,12:00 AM,2026-11-07T00:00:00-05:00,Coastal Carolina,Old Dominion,0,48.3,,,,,,,,,,,,0.41,,-
10,Sat 11/07,12:00 AM,2026-11-07T00:00:00-05:00,LSU,Alabama,0,49.1,,,,,,,,10.0,8.0,,,0.38,,-
10,Sat 11/07,12:00 AM,2026-11-07T00:00:00-05:00,NC State,Duke,0,54.2,,,,,,,,,,,,0.38,,-
10,Sat 11/07,12:00 AM,2026-11-07T00:00:00-05:00,Michigan,Michigan State,0,46.4,,,,,,,,18.0,,,,0.38,,-
10,Sat 11/07,12:00 AM,2026-11-07T00:00:00-05:00,San José State,Northern Illinois,0,45.6,,,,,,,,,,MW+,,0.41,,-
10,Sat 11/07,12:00 AM,2026-11-07T00:00:00-05:00,North Texas,Rice,0,59.6,,,,,,,,,,,,0.38,,-
10,Sat 11/07,12:00 AM,2026-11-07T00:00:00-05:00,Wisconsin,Rutgers,0,54.0,,,,,,,,,,,,0.38,,-
10,Sat 11/07,12:00 AM,2026-11-07T00:00:00-05:00,Purdue,Maryland,0,60.2,,,,,,,,,,,,0.38,,-
10,Sat 11/07,12:00 AM,2026-11-07T00:00:00-05:00,Georgia Tech,Louisville,0,51.2,,,,,,,,,16.0,,,0.38,,-
10,Sat 11/07,12:00 AM,2026-11-07T00:00:00-05:00,Syracuse,Clemson,0,49.6,,,,,,,,,,,,0.38,,-
10,Sat 11/07,12:00 AM,2026-11-07T00:00:00-05:00,Texas Tech,West Virginia,0,53.8,,,,,,,,11.0,,,,0.38,,-
10,Sat 11/07,12:00 AM,2026-11-07T00:00:00-05:00,Kansas State,Oklahoma State,0,52.9,,,,,,,,,,,,0.38,,-
10,Sat 11/07,12:00 AM,2026-11-07T00:00:00-05:00,Georgia Southern,Marshall,0,52.2,,,,,,,,,,,,0.38,,-
10,Sat 11/07,12:00 AM,2026-11-07T00:00:00-05:00,Baylor,Iowa State,0,51.0,,,,,,,,,,,,0.38,,-
10,Sat 11/07,12:00 AM,2026-11-07T00:00:00-05:00,Louisiana,South Alabama,0,61.7,,,,,,,,,,,,0.38,,-
10,Sat 11/07,12:00 AM,2026-11-07T00:00:00-05:00,Houston,Cincinnati,0,56.7,,,,,,,,25.0,,,,0.38,,-
10,Sat 11/07,12:00 AM,2026-11-07T00:00:00-05:00,Kansas,UCF,0,49.3,,,,,,,,,,,,0.38,,-
10,Sat 11/07,12:00 AM,2026-11-07T00:00:00-05:00,Utah,BYU,0,52.8,,,,,,,,15.0,9.0,,,0.38,,-
10,Sat 11/07,12:00 AM,2026-11-07T00:00:00-05:00,South Carolina,Texas A&M,0,50.7,,,,,,,,,23.0,,,0.38,,-
10,Sat 11/07,12:00 AM,2026-11-07T00:00:00-05:00,Missouri,Texas,0,45.4,,,,,,,,19.0,1.0,,,0.38,,-
10,Sat 11/07,12:00 AM,2026-11-07T00:00:00-05:00,Auburn,Arkansas,0,52.1,,,,,,,,,,,,0.38,,-
10,Sat 11/07,12:00 PM,2026-11-07T12:00:00-05:00,UConn,North Carolina,0,49.9,,,,,,,,,,CBSSN,,0.38,,-
10,Sat 11/07,3:00 PM,2026-11-07T15:00:00-05:00,Arkansas State,UL Monroe,0,57.7,,,,,,,,,,,,0.38,,-
10,Sat 11/07,3:00 PM,2026-11-07T15:00:00-05:00,Kennesaw State,Delaware,0,54.8,,,,,,,,,,ESPN+,,0.38,,-
10,Sat 11/07,3:30 PM,2026-11-07T15:30:00-05:00,Middle Tennessee,Western Kentucky,0,57.7,,,,,,,,,,,,0.38,,-
10,Sat 11/07,3:30 PM,2026-11-07T15:30:00-05:00,Navy,Temple,0,54.4,,,,,,,,,,CBSSN,,0.33,,-
10,Sat 11/07,4:00 PM,2026-11-07T16:00:00-05:00,Florida International,Missouri State,0,55.6,,,,,,,,,,,,0.38,,-
10,Sat 11/07,5:00 PM,2026-11-07T17:00:00-05:00,New Mexico State,Liberty,0,53.3,,,,,,,,,,,,0.41,,-
10,Sat 11/07,6:00 PM,2026-11-07T18:00:00-05:00,Colorado State,Boise State,0,60.2,,,,,,,,,,USA Net,,0.38,,-
10,Sat 11/07,7:00 PM,2026-11-07T19:00:00-05:00,Jacksonville State,Sam Houston,0,54.2,,,,,,,,,,CBSSN,,0.41,,-
10,Sat 11/07,7:30 PM,2026-11-07T19:30:00-05:00,Army,Air Force,0,47.8,,,,,,,,,,CBS,,0.29,,-
10,Sat 11/07,7:30 PM,2026-11-07T19:30:00-05:00,Notre Dame,Miami,0,47.5,,,,,,,,3.0,6.0,NBC,,0.38,,-
10,Sat 11/07,9:30 PM,2026-11-07T21:30:00-05:00,Utah State,Fresno State,0,43.5,,,,,,,,,,USA Net,,0.38,,-
10,Sat 11/07,10:30 PM,2026-11-07T22:30:00-05:00,UNLV,Wyoming,0,47.8,,,,,,,,,,CBSSN,,0.38,,-
10,Sat 11/07,10:30 PM,2026-11-07T22:30:00-05:00,Oregon State,Texas State,0,61.7,,,,,,,,,,CW,,0.38,,-
11,Tue 11/10,7:00 PM,2026-11-10T19:00:00-05:00,Akron,Western Michigan,0,52.6,,,,,,,,,,,,0.38,,-
11,Tue 11/10,7:00 PM,2026-11-10T19:00:00-05:00,Miami (OH),Ohio,0,52.7,,,,,,,,,,,,0.38,,-
11,Tue 11/10,7:00 PM,2026-11-10T19:00:00-05:00,Bowling Green,Kent State,0,51.2,,,,,,,,,,,,0.38,,-
11,Wed 11/11,12:00 AM,2026-11-11T00:00:00-05:00,Ball State,Buffalo,0,55.3,,,,,,,,,,,,0.38,,-
11,Wed 11/11,12:00 AM,2026-11-11T00:00:00-05:00,Central Michigan,Sacramento State,0,53.6,,,,,,,,,,,,0.41,,-
11,Wed 11/11,12:00 AM,2026-11-11T00:00:00-05:00,Toledo,Massachusetts,0,45.5,,,,,,,,,,,,0.38,,-
11,Thu 11/12,8:00 PM,2026-11-12T20:00:00-05:00,South Florida,Memphis,0,58.2,,,,,,,,,,,,0.41,,-
11,Thu 11/12,9:00 PM,2026-11-12T21:00:00-05:00,UL Monroe,Louisiana,0,56.4,,,,,,,,,,,,0.38,,-
11,Fri 11/13,7:00 PM,2026-11-13T19:00:00-05:00,Pittsburgh,Florida State,0,55.8,,,,,,,,,,ESPN,,0.38,,-
11,Fri 11/13,9:00 PM,2026-11-13T21:00:00-05:00,UCLA,Illinois,0,54.7,,,,,,,,,,FOX,,0.38,,-
11,Fri 11/13,10:15 PM,2026-11-13T22:15:00-05:00,Colorado,Houston,0,51.3,,,,,,,,,25.0,ESPN,,0.38,,-
11,Sat 11/14,12:00 AM,2026-11-14T00:00:00-05:00,Mississippi State,Auburn,0,56.5,,,,,,,,24.0,,,,0.38,,-
11,Sat 11/14,12:00 AM,2026-11-14T00:00:00-05:00,Oklahoma,Ole Miss,0,51.8,,,,,,,,,4.0,,,0.38,,-
11,Sat 11/14,12:00 AM,2026-11-14T00:00:00-05:00,Miami,Duke,0,50.4,,,,,,,,6.0,,,,0.38,,-
11,Sat 11/14,12:00 AM,2026-11-14T00:00:00-05:00,Clemson,Georgia Tech,0,50.2,,,,,,,,,,,,0.38,,-
11,Sat 11/14,12:00 AM,2026-11-14T00:00:00-05:00,North Carolina,Louisville,0,51.0,,,,,,,,,16.0,,,0.38,,-
11,Sat 11/14,12:00 AM,2026-11-14T00:00:00-05:00,NC State,Syracuse,0,59.4,,,,,,,,,,,,0.38,,-
11,Sat 11/14,12:00 AM,2026-11-14T00:00:00-05:00,SMU,Wake Forest,0,54.0,,,,,,,,22.0,,,,0.38,,-
11,Sat 11/14,12:00 AM,2026-11-14T00:00:00-05:00,Maryland,Wisconsin,0,52.5,,,,,,,,,,,,0.38,,-
11,Sat 11/14,12:00 AM,2026-11-14T00:00:00-05:00,Ohio State,Northwestern,0,53.2,,,,,,,,7.0,,,,0.33,,-
11,Sat 11/14,12:00 AM,2026-11-14T00:00:00-05:00,Charlotte,East Carolina,0,48.4,,,,,,,,,,,,0.38,,-
11,Sat 11/14,12:00 AM,2026-11-14T00:00:00-05:00,Tulsa,Florida Atlantic,0,57.5,,,,,,,,,,,,0.38,,-
11,Sat 11/14,12:00 AM,2026-11-14T00:00:00-05:00,UTSA,North Texas,0,62.2,,,,,,,,,,,,0.38,,-
11,Sat 11/14,12:00 AM,2026-11-14T00:00:00-05:00,Rice,Tulane,0,46.5,,,,,,,,,,,,0.38,,-
11,Sat 11/14,12:00 AM,2026-11-14T00:00:00-05:00,Temple,UAB,0,56.8,,,,,,,,,,,,0.38,,-
11,Sat 11/14,12:00 AM,2026-11-14T00:00:00-05:00,Indiana,USC,0,52.3,,,,,,,,5.0,12.0,,,0.41,,-
11,Sat 11/14,12:00 AM,2026-11-14T00:00:00-05:00,Virginia,California,0,52.1,,,,,,,,,,,,0.38,,-
11,Sat 11/14,12:00 AM,2026-11-14T00:00:00-05:00,Louisiana Tech,Southern Miss,0,59.0,,,,,,,,,,,,0.38,,-
11,Sat 11/14,12:00 AM,2026-11-14T00:00:00-05:00,West Virginia,Kansas,0,51.9,,,,,,,,,,,,0.38,,-
11,Sat 11/14,12:00 AM,2026-11-14T00:00:00-05:00,Marshall,App State,0,54.9,,,,,,,,,,,,0.38,,-
11,Sat 11/14,12:00 AM,2026-11-14T00:00:00-05:00,Rutgers,Nebraska,0,58.7,,,,,,,,,,,,0.38,,-
11,Sat 11/14,12:00 AM,2026-11-14T00:00:00-05:00,South Alabama,Troy,0,55.8,,,,,,,,,,,,0.38,,-
11,Sat 11/14,12:00 AM,2026-11-14T00:00:00-05:00,Georgia State,Georgia Southern,0,56.6,,,,,,,,,,,,0.38,,-
11,Sat 11/14,12:00 AM,2026-11-14T00:00:00-05:00,Northern Illinois,Nevada,0,45.0,,,,,,,,,,MW+,,0.38,,-
11,Sat 11/14,12:00 AM,2026-11-14T00:00:00-05:00,LSU,Texas,0,44.5,,,,,,,,10.0,1.0,,,0.38,,-
11,Sat 11/14,12:00 AM,2026-11-14T00:00:00-05:00,Texas A&M,Tennessee,0,56.4,,,,,,,,23.0,14.0,,,0.38,,-
11,Sat 11/14,12:00 AM,2026-11-14T00:00:00-05:00,Virginia Tech,Stanford,0,56.0,,,,,,,,,,,,0.38,,-
11,Sat 11/14,12:00 AM,2026-11-14T00:00:00-05:00,Michigan State,Washington,0,53.1,,,,,,,,,,,,0.38,,-
11,Sat 11/14,12:00 AM,2026-11-14T00:00:00-05:00,Oregon,Michigan,0,48.4,,,,,,,,20.0,18.0,,,0.38,,-
11,Sat 11/14,12:00 AM,2026-11-14T00:00:00-05:00,Penn State,Minnesota,0,45.6,,,,,,,,13.0,,,,0.38,,-
11,Sat 11/14,12:00 AM,2026-11-14T00:00:00-05:00,UTEP,Wyoming,0,47.6,,,,,,,,,,,,0.38,,-
11,Sat 11/14,12:00 AM,2026-11-14T00:00:00-05:00,Coastal Carolina,Arkansas State,0,54.8,,,,,,,,,,,,0.41,,-
11,Sat 11/14,12:00 AM,2026-11-14T00:00:00-05:00,TCU,Kansas State,0,53.2,,,,,,,,,,,,0.38,,-
11,Sat 11/14,12:00 AM,2026-11-14T00:00:00-05:00,Oklahoma State,Texas Tech,0,51.3,,,,,,,,,11.0,,,0.38,,-
11,Sat 11/14,12:00 AM,2026-11-14T00:00:00-05:00,Arizona,Utah,0,55.4,,,,,,,,,15.0,,,0.38,,-
11,Sat 11/14,12:00 AM,2026-11-14T00:00:00-05:00,Georgia,Missouri,0,49.5,,,,,,,,2.0,19.0,,,0.38,,-
11,Sat 11/14,12:00 AM,2026-11-14T00:00:00-05:00,Kentucky,Florida,0,52.0,,,,,,,,,21.0,,,0.38,,-
11,Sat 11/14,12:00 AM,2026-11-14T00:00:00-05:00,Arkansas,South Carolina,0,51.0,,,,,,,,,,,,0.38,,-
11,Sat 11/14,12:00 AM,2026-11-14T00:00:00-05:00,Vanderbilt,Alabama,0,49.9,,,,,,,,,8.0,,,0.38,,-
11,Sat 11/14,12:00 AM,2026-11-14T00:00:00-05:00,Iowa,Purdue,0,56.5,,,,,,,,17.0,,,,0.38,,-
11,Sat 11/14,12:00 AM,2026-11-14T00:00:00-05:00,Iowa State,Cincinnati,0,47.5,,,,,,,,,,,,0.38,,-
11,Sat 11/14,12:00 AM,2026-11-14T00:00:00-05:00,BYU,Baylor,0,54.4,,,,,,,,9.0,,,,0.38,,-
11,Sat 11/14,12:00 AM,2026-11-14T00:00:00-05:00,UCF,Arizona State,0,49.5,,,,,,,,,,,,0.38,,-
11,Sat 11/14,12:00 PM,2026-11-14T12:00:00-05:00,UConn,James Madison,0,53.8,,,,,,,,,,CBSSN,,0.38,,-
11,Sat 11/14,2:00 PM,2026-11-14T14:00:00-05:00,Sam Houston,Kennesaw State,0,55.2,,,,,,,,,,,,0.38,,-
11,Sat 11/14,3:00 PM,2026-11-14T15:00:00-05:00,Missouri State,New Mexico State,0,52.9,,,,,,,,,,,,0.38,,-
11,Sat 11/14,3:00 PM,2026-11-14T15:00:00-05:00,Delaware,Florida International,0,50.3,,,,,,,,,,,,0.38,,-
11,Sat 11/14,3:30 PM,2026-11-14T15:30:00-05:00,Notre Dame,Boston College,0,52.0,,,,,,,,3.0,,NBC,,0.38,,-
11,Sat 11/14,3:30 PM,2026-11-14T15:30:00-05:00,Liberty,Middle Tennessee,0,53.4,,,,,,,,,,CBSSN,,0.41,,-
11,Sat 11/14,3:30 PM,2026-11-14T15:30:00-05:00,Western Kentucky,Jacksonville State,0,56.5,,,,,,,,,,,,0.41,,-
11,Sat 11/14,4:00 PM,2026-11-14T16:00:00-05:00,Texas State,Fresno State,0,51.8,,,,,,,,,,CW,,0.38,,-
11,Sat 11/14,6:00 PM,2026-11-14T18:00:00-05:00,Boise State,Oregon State,0,58.7,,,,,,,,,,USA Net,,0.38,,-
11,Sat 11/14,7:00 PM,2026-11-14T19:00:00-05:00,Air Force,San José State,0,51.7,,,,,,,,,,CBSSN,,0.36,,-
11,Sat 11/14,7:30 PM,2026-11-14T19:30:00-05:00,New Mexico,UNLV,0,47.5,,,,,,,,,,CW,,0.38,,-
11,Sat 11/14,9:30 PM,2026-11-14T21:30:00-05:00,San Diego State,Utah State,0,51.2,,,,,,,,,,USA Net,,0.38,,-
11,Sat 11/14,10:30 PM,2026-11-14T22:30:00-05:00,Washington State,Colorado State,0,56.0,,,,,,,,,,CBSSN,,0.38,,-
11,Sat 11/14,11:59 PM,2026-11-14T23:59:00-05:00,Hawai'i,North Dakota State,0,53.7,,,,,,,,,,CW,,0.41,,-
12,Tue 11/17,7:00 PM,2026-11-17T19:00:00-05:00,Western Michigan,Eastern Michigan,0,47.9,,,,,,,,,,,,0.41,,-
12,Tue 11/17,7:00 PM,2026-11-17T19:00:00-05:00,Kent State,Miami (OH),0,50.5,,,,,,,,,,,,0.38,,-
12,Tue 11/17,7:00 PM,2026-11-17T19:00:00-05:00,Ohio,Ball State,0,52.6,,,,,,,,,,,,0.38,,-
12,Wed 11/18,12:00 AM,2026-11-18T00:00:00-05:00,Buffalo,Central Michigan,0,49.5,,,,,,,,,,,,0.38,,-
12,Wed 11/18,12:00 AM,2026-11-18T00:00:00-05:00,Massachusetts,Akron,0,52.3,,,,,,,,,,,,0.38,,-
12,Thu 11/19,7:30 PM,2026-11-19T19:30:00-05:00,Temple,Rice,0,50.1,,,,,,,,,,ESPN,,0.38,,-
12,Fri 11/20,6:00 PM,2026-11-20T18:00:00-05:00,UCF,Iowa State,0,45.4,,,,,,,,,,FS1,,0.38,,-
12,Fri 11/20,7:30 PM,2026-11-20T19:30:00-05:00,Duke,Clemson,0,46.1,,,,,,,,,,ESPN,,0.38,,-
12,Fri 11/20,7:30 PM,2026-11-20T19:30:00-05:00,Toledo,Bowling Green,0,53.3,,,,,,,,,,ESPN2,,0.38,,-
12,Fri 11/20,8:00 PM,2026-11-20T20:00:00-05:00,Michigan State,Oregon,0,53.8,,,,,,,,,20.0,FOX,,0.38,,-
12,Fri 11/20,8:00 PM,2026-11-20T20:00:00-05:00,Air Force,UTEP,0,50.0,,,,,,,,,,CW,,0.33,,-
12,Sat 11/21,12:00 AM,2026-11-21T00:00:00-05:00,Tennessee,LSU,0,52.7,,,,,,,,14.0,10.0,,,0.38,,-
12,Sat 11/21,12:00 AM,2026-11-21T00:00:00-05:00,Kansas State,Arizona,0,50.2,,,,,,,,,,,,0.38,,-
12,Sat 11/21,12:00 AM,2026-11-21T00:00:00-05:00,West Virginia,Houston,0,54.6,,,,,,,,,25.0,,,0.38,,-
12,Sat 11/21,12:00 AM,2026-11-21T00:00:00-05:00,Arizona State,Oklahoma State,0,50.1,,,,,,,,,,,,0.38,,-
12,Sat 11/21,12:00 AM,2026-11-21T00:00:00-05:00,Oklahoma,Texas A&M,0,51.9,,,,,,,,,23.0,,,0.38,,-
12,Sat 11/21,12:00 AM,2026-11-21T00:00:00-05:00,TCU,Utah,0,53.2,,,,,,,,,15.0,,,0.38,,-
12,Sat 11/21,12:00 AM,2026-11-21T00:00:00-05:00,Miami,Virginia Tech,0,56.3,,,,,,,,6.0,,,,0.38,,-
12,Sat 11/21,12:00 AM,2026-11-21T00:00:00-05:00,Michigan,UCLA,0,45.8,,,,,,,,18.0,,,,0.38,,-
12,Sat 11/21,12:00 AM,2026-11-21T00:00:00-05:00,Minnesota,Northwestern,0,47.9,,,,,,,,,,,,0.33,,-
12,Sat 11/21,12:00 AM,2026-11-21T00:00:00-05:00,Nebraska,Ohio State,0,53.3,,,,,,,,,7.0,,,0.38,,-
12,Sat 11/21,12:00 AM,2026-11-21T00:00:00-05:00,Penn State,Rutgers,0,57.1,,,,,,,,13.0,,,,0.38,,-
12,Sat 11/21,12:00 AM,2026-11-21T00:00:00-05:00,USC,Maryland,0,60.3,,,,,,,,12.0,,,,0.41,,-
12,Sat 11/21,12:00 AM,2026-11-21T00:00:00-05:00,Washington,Indiana,0,51.5,,,,,,,,,5.0,,,0.38,,-
12,Sat 11/21,12:00 AM,2026-11-21T00:00:00-05:00,Tulsa,Charlotte,0,54.5,,,,,,,,,,,,0.38,,-
12,Sat 11/21,12:00 AM,2026-11-21T00:00:00-05:00,Tulane,North Texas,0,55.8,,,,,,,,,,,,0.38,,-
12,Sat 11/21,12:00 AM,2026-11-21T00:00:00-05:00,UAB,UTSA,0,56.0,,,,,,,,,,,,0.38,,-
12,Sat 11/21,12:00 AM,2026-11-21T00:00:00-05:00,Nevada,Hawai'i,0,54.9,,,,,,,,,,,,0.38,,-
12,Sat 11/21,12:00 AM,2026-11-21T00:00:00-05:00,Marshall,Georgia State,0,60.5,,,,,,,,,,,,0.38,,-
12,Sat 11/21,12:00 AM,2026-11-21T00:00:00-05:00,Southern Miss,South Alabama,0,64.3,,,,,,,,,,,,0.38,,-
12,Sat 11/21,12:00 AM,2026-11-21T00:00:00-05:00,Troy,Georgia Southern,0,47.8,,,,,,,,,,,,0.38,,-
12,Sat 11/21,12:00 AM,2026-11-21T00:00:00-05:00,Boston College,Syracuse,0,50.5,,,,,,,,,,,,0.38,,-
12,Sat 11/21,12:00 AM,2026-11-21T00:00:00-05:00,Louisville,Pittsburgh,0,53.5,,,,,,,,16.0,,,,0.38,,-
12,Sat 11/21,12:00 AM,2026-11-21T00:00:00-05:00,Kansas,BYU,0,50.6,,,,,,,,,9.0,,,0.38,,-
12,Sat 11/21,12:00 AM,2026-11-21T00:00:00-05:00,Missouri,Kentucky,0,49.4,,,,,,,,19.0,,,,0.38,,-
12,Sat 11/21,12:00 AM,2026-11-21T00:00:00-05:00,Florida State,NC State,0,60.6,,,,,,,,,,,,0.38,,-
12,Sat 11/21,12:00 AM,2026-11-21T00:00:00-05:00,California,Stanford,0,55.3,,,,,,,,,,,,0.38,,-
12,Sat 11/21,12:00 AM,2026-11-21T00:00:00-05:00,Louisiana,Coastal Carolina,0,55.3,,,,,,,,,,,,0.41,,-
12,Sat 11/21,12:00 AM,2026-11-21T00:00:00-05:00,Virginia,North Carolina,0,45.0,,,,,,,,,,,,0.38,,-
12,Sat 11/21,12:00 AM,2026-11-21T00:00:00-05:00,Baylor,Texas Tech,0,54.4,,,,,,,,,11.0,,,0.38,,-
12,Sat 11/21,12:00 AM,2026-11-21T00:00:00-05:00,Louisiana Tech,Arkansas State,0,55.8,,,,,,,,,,,,0.38,,-
12,Sat 11/21,12:00 AM,2026-11-21T00:00:00-05:00,Illinois,Iowa,0,52.7,,,,,,,,,17.0,,,0.38,,-
12,Sat 11/21,12:00 AM,2026-11-21T00:00:00-05:00,Purdue,Wisconsin,0,56.1,,,,,,,,,,,,0.38,,-
12,Sat 11/21,12:00 AM,2026-11-21T00:00:00-05:00,Florida,Vanderbilt,0,53.3,,,,,,,,21.0,,,,0.38,,-
12,Sat 11/21,12:00 AM,2026-11-21T00:00:00-05:00,South Carolina,Georgia,0,52.1,,,,,,,,,2.0,,,0.38,,-
12,Sat 11/21,12:00 AM,2026-11-21T00:00:00-05:00,Cincinnati,Colorado,0,55.5,,,,,,,,,,,,0.38,,-
12,Sat 11/21,12:00 AM,2026-11-21T00:00:00-05:00,App State,UL Monroe,0,55.7,,,,,,,,,,,,0.38,,-
12,Sat 11/21,12:00 AM,2026-11-21T00:00:00-05:00,Florida Atlantic,South Florida,0,61.3,,,,,,,,,,,,0.38,,-
12,Sat 11/21,12:00 AM,2026-11-21T00:00:00-05:00,Georgia Tech,Wake Forest,0,46.0,,,,,,,,,,,,0.38,,-
12,Sat 11/21,12:00 AM,2026-11-21T00:00:00-05:00,Texas,Arkansas,0,54.5,,,,,,,,1.0,,,,0.38,,-
12,Sat 11/21,12:00 PM,2026-11-21T12:00:00-05:00,Navy,Memphis,0,52.0,,,,,,,,,,,,0.36,,-
12,Sat 11/21,12:00 PM,2026-11-21T12:00:00-05:00,Army,East Carolina,0,49.5,,,,,,,,,,CBSSN,,0.33,,-
12,Sat 11/21,1:00 PM,2026-11-21T13:00:00-05:00,Liberty,Western Kentucky,0,59.1,,,,,,,,,,,,0.41,,-
12,Sat 11/21,2:00 PM,2026-11-21T14:00:00-05:00,Jacksonville State,Missouri State,0,56.0,,,,,,,,,,,,0.41,,-
12,Sat 11/21,2:00 PM,2026-11-21T14:00:00-05:00,Sam Houston,Middle Tennessee,0,54.8,,,,,,,,,,,,0.38,,-
12,Sat 11/21,3:00 PM,2026-11-21T15:00:00-05:00,Kennesaw State,Florida International,0,47.9,,,,,,,,,,,,0.38,,-
12,Sat 11/21,3:00 PM,2026-11-21T15:00:00-05:00,New Mexico State,Delaware,0,58.8,,,,,,,,,,,,0.38,,-
12,Sat 11/21,3:30 PM,2026-11-21T15:30:00-05:00,UConn,Old Dominion,0,47.1,,,,,,,,,,CBSSN,,0.38,,-
12,Sat 11/21,4:00 PM,2026-11-21T16:00:00-05:00,North Dakota State,Northern Illinois,0,47.2,,,,,,,,,,CW,,0.41,,-
12,Sat 11/21,6:00 PM,2026-11-21T18:00:00-05:00,Texas State,Washington State,0,56.1,,,,,,,,,,USA Net,,0.38,,-
12,Sat 11/21,7:00 PM,2026-11-21T19:00:00-05:00,San José State,UNLV,0,52.5,,,,,,,,,,CBSSN,,0.41,,-
12,Sat 11/21,7:30 PM,2026-11-21T19:30:00-05:00,Fresno State,Colorado State,0,51.8,,,,,,,,,,CW,,0.38,,-
12,Sat 11/21,7:30 PM,2026-11-21T19:30:00-05:00,Notre Dame,SMU,0,54.9,,,,,,,,3.0,22.0,NBC,,0.38,,-
12,Sat 11/21,9:00 PM,2026-11-21T21:00:00-05:00,Wyoming,New Mexico,0,47.8,,,,,,,,,,FS1,,0.38,,-
12,Sat 11/21,9:30 PM,2026-11-21T21:30:00-05:00,Boise State,San Diego State,0,49.2,,,,,,,,,,USA Net,,0.38,,-
12,Sat 11/21,10:30 PM,2026-11-21T22:30:00-05:00,Oregon State,Utah State,0,51.7,,,,,,,,,,CBSSN,,0.38,,-
13,Tue 11/24,12:00 AM,2026-11-24T00:00:00-05:00,Western Michigan,Miami (OH),0,49.5,,,,,,,,,,,,0.38,,-
13,Tue 11/24,7:00 PM,2026-11-24T19:00:00-05:00,Eastern Michigan,Kent State,0,50.8,,,,,,,,,,,,0.41,,-
13,Thu 11/26,8:00 PM,2026-11-26T20:00:00-05:00,Texas Tech,TCU,0,51.6,,,,,,,,11.0,,ESPN,,0.38,,-
13,Fri 11/27,12:00 AM,2026-11-27T00:00:00-05:00,East Carolina,Florida Atlantic,0,55.8,,,,,,,,,,,,0.38,,-
13,Fri 11/27,12:00 AM,2026-11-27T00:00:00-05:00,Memphis,Temple,0,62.5,,,,,,,,,,,,0.41,,-
13,Fri 11/27,12:00 AM,2026-11-27T00:00:00-05:00,South Florida,Tulane,0,53.8,,,,,,,,,,,,0.38,,-
13,Fri 11/27,12:00 PM,2026-11-27T12:00:00-05:00,Akron,Buffalo,0,60.2,,,,,,,,,,,,0.38,,-
13,Fri 11/27,12:00 PM,2026-11-27T12:00:00-05:00,Iowa,Nebraska,0,49.1,,,,,,,,17.0,,CBS,,0.38,,-
13,Fri 11/27,12:00 PM,2026-11-27T12:00:00-05:00,Ohio,Toledo,0,53.2,,,,,,,,,,,,0.38,,-
13,Fri 11/27,12:00 PM,2026-11-27T12:00:00-05:00,Ole Miss,Mississippi State,0,62.1,,,,,,,,4.0,24.0,ABC,,0.38,,-
13,Fri 11/27,3:00 PM,2026-11-27T15:00:00-05:00,South Alabama,App State,0,56.2,,,,,,,,,,ESPN+,,0.38,,-
13,Fri 11/27,3:30 PM,2026-11-27T15:30:00-05:00,Florida State,Florida,0,59.7,,,,,,,,,21.0,ABC,,0.38,,-
13,Fri 11/27,3:30 PM,2026-11-27T15:30:00-05:00,San José State,North Dakota State,0,51.4,,,,,,,,,,CBSSN,,0.44,,-
13,Fri 11/27,7:30 PM,2026-11-27T19:30:00-05:00,Texas A&M,Texas,0,51.5,,,,,,,,23.0,1.0,ABC,,0.38,,-
13,Fri 11/27,7:30 PM,2026-11-27T19:30:00-05:00,Wisconsin,Minnesota,0,43.4,,,,,,,,,,NBC,,0.38,,-
13,Fri 11/27,9:00 PM,2026-11-27T21:00:00-05:00,Utah,West Virginia,0,59.9,,,,,,,,15.0,,FOX,,0.38,,-
13,Sat 11/28,12:00 AM,2026-11-28T00:00:00-05:00,Clemson,South Carolina,0,51.7,,,,,,,,,,,,0.38,,-
13,Sat 11/28,12:00 AM,2026-11-28T00:00:00-05:00,Georgia,Georgia Tech,0,53.5,,,,,,,,2.0,,,,0.38,,-
13,Sat 11/28,12:00 AM,2026-11-28T00:00:00-05:00,Wyoming,UConn,0,53.3,,,,,,,,,,,,0.38,,-
13,Sat 11/28,12:00 AM,2026-11-28T00:00:00-05:00,Stanford,SMU,0,55.5,,,,,,,,,22.0,,,0.38,,-
13,Sat 11/28,12:00 AM,2026-11-28T00:00:00-05:00,Missouri,Oklahoma,0,45.9,,,,,,,,19.0,,,,0.38,,-
13,Sat 11/28,12:00 AM,2026-11-28T00:00:00-05:00,Oregon,Washington,0,56.0,,,,,,,,20.0,,,,0.38,,-
13,Sat 11/28,12:00 AM,2026-11-28T00:00:00-05:00,Colorado,UCF,0,47.5,,,,,,,,,,,,0.38,,-
13,Sat 11/28,12:00 AM,2026-11-28T00:00:00-05:00,Rice,Army,0,45.4,,,,,,,,,,,,0.33,,-
13,Sat 11/28,12:00 AM,2026-11-28T00:00:00-05:00,Alabama,Auburn,0,54.7,,,,,,,,8.0,,,,0.38,,-
13,Sat 11/28,12:00 AM,2026-11-28T00:00:00-05:00,Arkansas,LSU,0,51.5,,,,,,,,,10.0,,,0.38,,-
13,Sat 11/28,12:00 AM,2026-11-28T00:00:00-05:00,Virginia Tech,Virginia,0,51.8,,,,,,,,,,,,0.38,,-
13,Sat 11/28,12:00 AM,2026-11-28T00:00:00-05:00,Vanderbilt,Tennessee,0,53.6,,,,,,,,,14.0,,,0.38,,-
13,Sat 11/28,12:00 AM,2026-11-28T00:00:00-05:00,James Madison,Coastal Carolina,0,57.5,,,,,,,,,,,,0.41,,-
13,Sat 11/28,12:00 AM,2026-11-28T00:00:00-05:00,BYU,Cincinnati,0,53.0,,,,,,,,9.0,,,,0.38,,-
13,Sat 11/28,12:00 AM,2026-11-28T00:00:00-05:00,Old Dominion,Southern Miss,0,50.5,,,,,,,,,,,,0.38,,-
13,Sat 11/28,12:00 AM,2026-11-28T00:00:00-05:00,Northwestern,Illinois,0,55.4,,,,,,,,,,,,0.33,,-
13,Sat 11/28,12:00 AM,2026-11-28T00:00:00-05:00,Arizona,Arizona State,0,52.4,,,,,,,,,,,,0.38,,-
13,Sat 11/28,12:00 AM,2026-11-28T00:00:00-05:00,Houston,Baylor,0,57.7,,,,,,,,25.0,,,,0.38,,-
13,Sat 11/28,12:00 AM,2026-11-28T00:00:00-05:00,Miami,Boston College,0,52.1,,,,,,,,6.0,,,,0.38,,-
13,Sat 11/28,12:00 AM,2026-11-28T00:00:00-05:00,Wake Forest,Duke,0,41.3,,,,,,,,,,,,0.38,,-
13,Sat 11/28,12:00 AM,2026-11-28T00:00:00-05:00,Syracuse,Notre Dame,0,51.3,,,,,,,,,3.0,,,0.38,,-
13,Sat 11/28,12:00 AM,2026-11-28T00:00:00-05:00,California,Pittsburgh,0,56.5,,,,,,,,,,,,0.38,,-
13,Sat 11/28,12:00 AM,2026-11-28T00:00:00-05:00,Indiana,Purdue,0,55.0,,,,,,,,5.0,,,,0.38,,-
13,Sat 11/28,12:00 AM,2026-11-28T00:00:00-05:00,Charlotte,Navy,0,50.2,,,,,,,,,,,,0.33,,-
13,Sat 11/28,12:00 AM,2026-11-28T00:00:00-05:00,Oklahoma State,Kansas,0,54.4,,,,,,,,,,,,0.38,,-
13,Sat 11/28,12:00 AM,2026-11-28T00:00:00-05:00,UL Monroe,Marshall,0,55.5,,,,,,,,,,,,0.38,,-
13,Sat 11/28,12:00 AM,2026-11-28T00:00:00-05:00,Georgia State,Louisiana,0,63.2,,,,,,,,,,,,0.38,,-
13,Sat 11/28,12:00 AM,2026-11-28T00:00:00-05:00,Iowa State,Kansas State,0,47.0,,,,,,,,,,,,0.38,,-
13,Sat 11/28,12:00 AM,2026-11-28T00:00:00-05:00,North Carolina,NC State,0,52.3,,,,,,,,,,,,0.38,,-
13,Sat 11/28,12:00 AM,2026-11-28T00:00:00-05:00,UTSA,Tulsa,0,57.3,,,,,,,,,,,,0.38,,-
13,Sat 11/28,12:00 AM,2026-11-28T00:00:00-05:00,UCLA,USC,0,59.8,,,,,,,,,12.0,,,0.41,,-
13,Sat 11/28,12:00 AM,2026-11-28T00:00:00-05:00,Kentucky,Louisville,0,55.1,,,,,,,,,16.0,,,0.38,,-
13,Sat 11/28,12:00 AM,2026-11-28T00:00:00-05:00,North Texas,UAB,0,63.9,,,,,,,,,,,,0.38,,-
13,Sat 11/28,12:00 AM,2026-11-28T00:00:00-05:00,Maryland,Penn State,0,49.1,,,,,,,,,13.0,,,0.38,,-
13,Sat 11/28,12:00 AM,2026-11-28T00:00:00-05:00,Rutgers,Michigan State,0,57.3,,,,,,,,,,,,0.38,,-
13,Sat 11/28,12:00 AM,2026-11-28T00:00:00-05:00,Northern Illinois,UTEP,0,45.0,,,,,,,,,,MW+,,0.38,,-
13,Sat 11/28,12:00 AM,2026-11-28T00:00:00-05:00,Georgia Southern,Louisiana Tech,0,52.2,,,,,,,,,,,,0.38,,-
13,Sat 11/28,12:00 PM,2026-11-28T12:00:00-05:00,Ball State,Central Michigan,0,48.7,,,,,,,,,,,,0.38,,-
13,Sat 11/28,12:00 PM,2026-11-28T12:00:00-05:00,Ohio State,Michigan,0,43.2,,,,,,,,7.0,18.0,FOX,,0.38,,-
13,Sat 11/28,12:00 PM,2026-11-28T12:00:00-05:00,Bowling Green,Massachusetts,0,44.3,,,,,,,,,,,,0.38,,-
13,Sat 11/28,1:00 PM,2026-11-28T13:00:00-05:00,Western Kentucky,Kennesaw State,0,56.8,,,,,,,,,,,,0.38,,-
13,Sat 11/28,2:00 PM,2026-11-28T14:00:00-05:00,Florida International,Sam Houston,0,53.2,,,,,,,,,,,,0.38,,-
13,Sat 11/28,2:00 PM,2026-11-28T14:00:00-05:00,Missouri State,Liberty,0,55.0,,,,,,,,,,,,0.41,,-
13,Sat 11/28,2:00 PM,2026-11-28T14:00:00-05:00,Middle Tennessee,New Mexico State,0,56.0,,,,,,,,,,,,0.38,,-
13,Sat 11/28,3:00 PM,2026-11-28T15:00:00-05:00,Arkansas State,Troy,0,53.3,,,,,,,,,,,,0.38,,-
13,Sat 11/28,3:30 PM,2026-11-28T15:30:00-05:00,Delaware,Jacksonville State,0,54.9,,,,,,,,,,CBSSN,,0.41,,-
13,Sat 11/28,4:30 PM,2026-11-28T16:30:00-05:00,New Mexico,Air Force,0,47.5,,,,,,,,,,CW,,0.33,,-
13,Sat 11/28,9:00 PM,2026-11-28T21:00:00-05:00,UNLV,Nevada,0,48.2,,,,,,,,,,CBSSN,,0.38,,-
13,Sat 11/28,11:00 PM,2026-11-28T23:00:00-05:00,Hawai'i,Sacramento State,0,57.5,,,,,,,,,,MW+,,0.41,,-
15,Sat 12/12,3:00 PM,2026-12-12T15:00:00-05:00,Army,Navy,1,47.3,,,,,,,,,,CBS,,0.29,,-
